create database db_sarpras;
use db_sarpras;

create table gedung(
    id_gedung varchar(4) not null primary key,
    nama_gedung varchar(100) not null
);

insert into gedung values
('G001','FPMIPA A'),
('G002','FPMIPA B'),
('G003','FPMIPA C');

create table petugas(
    id_petugas varchar(4) not null primary key,
    nama_petugas varchar(100) not null
);

insert into petugas values
('P001','Bagas Gunadi'),
('P002','Yokky Ramadhan'),
('P003','Afif Hanafiah'),
('P004','Majid Maulana'),
('P005','Fakhri Oktovian');


create table departemen(
    id_departemen varchar(4) not null primary key,
    nama_departemen varchar(100)
);

insert into departemen values
('D001','Departemen Pendidikan Ilmu Komputer'),
('D002','Departemen Pendidikan Matematika'),
('D003','Departemen Pendidikan Kimia'),
('D004','Departemen Pendidikan Fisika'),
('D005','Departemen Pendidikan Biologi'),
('D006','Departemen International Program on Science Education');

create table peminjam(
    id_peminjam varchar(8) not null primary key,
    nama_peminjam varchar(100) not null,
    id_departemen varchar(4) not null,
    foreign key(id_departemen) references departemen(id_departemen)
);

insert into peminjam values
('2000952','Ghifari Octaverin','D001'),
('1931234','Rylandi Saputra','D004'),
('1924512','Zidane Maulana','D002'),
('1841245','Raffi Hidayah','D005'),
('2086956','Ahmad Ramadhan','D003');

create table ruangan(
    id_ruang varchar(5) not null primary key,
    id_gedung varchar(4) not null,
    foreign key(id_gedung) references gedung(id_gedung),
    id_departemen varchar(4),
    foreign key(id_departemen) references departemen(id_departemen),
    jns_ruang varchar(50) not null,
    luas varchar(30) not null,
    kapasitas(orang) int not null
);

insert into ruangan values
('RK001','G001','D002','Ruang Kelas','9m x 8m',40),
('RK002','G001','D002','Ruang Kelas','15m x 13m',50),
('RK003','G001','D004','Ruang Kelas','10m x 8m',40),
('RK004','G001','D004','Ruang Kelas','12m x 10m',45),
('RK005','G001','D006','Ruang Kelas','15m x 13m',50),
('RK006','G001','D006','Ruang Kelas','12m x 10m',45),
('RK007','G002','D003','Ruang Kelas','9m x 8m',40),
('RK008','G002','D003','Ruang Kelas','10m x 8m',40),
('RK009','G002','D005','Ruang Kelas','12m x 10m',45),
('RK010','G002','D005','Ruang Kelas','9m x 8m',40),
('RK011','G003','D001','Ruang Kelas','15m x 13m',50),
('RK012','G003','D001','Ruang Kelas','10m x 8m',40),
-- ('RK013','G002','D003','Ruang Kelas','9m x 8m',40),
-- ('RK014','G002','D003','Ruang Kelas','10m x 8m',40),
-- ('RK015','G002','D003','Ruang Kelas','12m x 10m',45),
-- ('RK016','G002','D003','Ruang Kelas','15m x 13m',50),
-- ('RK017','G002','D005','Ruang Kelas','10m x 8m',40),
-- ('RK018','G002','D005','Ruang Kelas','15m x 13m',50),
-- ('RK019','G002','D005','Ruang Kelas','9m x 8m',40),
-- ('RK020','G002','D005','Ruang Kelas','12m x 10m',45),
-- ('RK021','G003','D001','Ruang Kelas','9m x 8m',40),
-- ('RK022','G003','D001','Ruang Kelas','12m x 10m',45),
-- ('RK023','G003','D001','Ruang Kelas','15m x 13m',50),
-- ('RK024','G003','D001','Ruang Kelas','10m x 8m',40),
('RD001','G001','D002','Ruang Dosen','15m x 12m',30),
('RD002','G001','D004','Ruang Dosen','13m x 11m',25),
('RD003','G001','D006','Ruang Dosen','12m x 10m',20),
('RD004','G002','D003','Ruang Dosen','13m x 11m',25),
('RD005','G002','D005','Ruang Dosen','15m x 12m',30),
('RD006','G003','D001','Ruang Dosen','12m x 10m',20),
('RA001','G001',null,'Ruang Umum','45m x 30m',200),
('RA002','G001',null,'Ruang Umum','50m x 40m',250),
('RA003','G001',null,'Ruang Umum','30m x 25m',150),
('RL001','G001',null,'Ruang Umum','12m x 10m',40),
('RL002','G002',null,'Ruang umum','13m x 11m',40),
('RL003','G003',null,'Ruang Umum','14m x 12m',45),
('RT001','G001',null,'Ruang Umum','8m x 6m',8),
('RT002','G002',null,'Ruang Umum','9m x 6m',10),
('RT003','G003',null,'Ruang umum','8m x 7m',9);

create table jadwal_ruang(
    id_jadwal varchar(5) not null primary key,
    id_ruang varchar(5) not null,
    foreign key(id_ruang) references ruangan(id_ruang),
    tgl_pakai date not null,
    jam_mulai time not null,
    jam_selesai time not null,
    pemakai varchar(10) not null,
    keterangan varchar(100)
);

insert into jadwal_ruang values
('JR001','RK001','06-08-2021','07:00:00','09:30:00','C1 20','Kuliah IK200'),
('JR002','RK001','07-08-2021','13:00:00','15:30:00','C2 19','');

create table peralatan(
    id_aset varchar(5) not null primary key,
    id_ruang varchar(5) not null,
    foreign key(id_ruang) references ruangan(id_ruang),
    nama_aset varchar(50) not null,
    portabilitas varchar(5) not null
);

insert into peralatan values
-- kelas
-- kelas1
('A001','RK001','Speaker','Ya'),
('A002','RK001','Proyektor','Ya'),
('A003','RK001','Papan Tulis','Tidak'),
('A004','RK001','Penghapus Papan Tulis','Ya'),
('A005','RK001','Lemari','Tidak'),
('A006','RK001','Floor Broom','Ya'),
('A007','RK001','Dust Pan','Ya'),
('A008','RK001','Stick Mop','Ya'),
('A009','RK001','Kemoceng','Ya'),
('A010','RK001','AC','Tidak'),
('A010','RK001','AC','Tidak'),
('A001','RK001','Meja','Ya'),
('A001','RK001','Meja','Ya'),
('A001','RK001','Meja','Ya'),
('A001','RK001','Meja','Ya'),
('A001','RK001','Meja','Ya'),
('A001','RK001','Meja','Ya'),
('A001','RK001','Meja','Ya'),
('A001','RK001','Meja','Ya'),
('A001','RK001','Meja','Ya'),
('A001','RK001','Meja','Ya'),
('A001','RK001','Meja','Ya'),
('A001','RK001','Meja','Ya'),
('A001','RK001','Meja','Ya'),
('A001','RK001','Meja','Ya'),
('A001','RK001','Meja','Ya'),
('A001','RK001','Meja','Ya'),
('A001','RK001','Meja','Ya'),
('A001','RK001','Meja','Ya'),
('A001','RK001','Meja','Ya'),
('A001','RK001','Meja','Ya'),
('A001','RK001','Meja','Ya'),
('A001','RK001','Meja','Ya'),
('A001','RK001','Meja','Ya'),
('A001','RK001','Meja','Ya'),
('A001','RK001','Meja','Ya'),
('A001','RK001','Meja','Ya'),
('A001','RK001','Meja','Ya'),
('A001','RK001','Meja','Ya'),
('A001','RK001','Meja','Ya'),
('A001','RK001','Meja','Ya'),
('A001','RK001','Meja','Ya'),
('A001','RK001','Meja','Ya'),
('A001','RK001','Meja','Ya'),
('A001','RK001','Meja','Ya'),
('A001','RK001','Meja','Ya'),
('A001','RK001','Meja','Ya'),
('A001','RK001','Meja','Ya'),
('A001','RK001','Meja','Ya'),
('A001','RK001','Meja','Ya'),
('A001','RK001','Meja','Ya'),
('A001','RK001','Kursi','Ya'),
('A001','RK001','Kursi','Ya'),
('A001','RK001','Kursi','Ya'),
('A001','RK001','Kursi','Ya'),
('A001','RK001','Kursi','Ya'),
('A001','RK001','Kursi','Ya'),
('A001','RK001','Kursi','Ya'),
('A001','RK001','Kursi','Ya'),
('A001','RK001','Kursi','Ya'),
('A001','RK001','Kursi','Ya'),
('A001','RK001','Kursi','Ya'),
('A001','RK001','Kursi','Ya'),
('A001','RK001','Kursi','Ya'),
('A001','RK001','Kursi','Ya'),
('A001','RK001','Kursi','Ya'),
('A001','RK001','Kursi','Ya'),
('A001','RK001','Kursi','Ya'),
('A001','RK001','Kursi','Ya'),
('A001','RK001','Kursi','Ya'),
('A001','RK001','Kursi','Ya'),
('A001','RK001','Kursi','Ya'),
('A001','RK001','Kursi','Ya'),
('A001','RK001','Kursi','Ya'),
('A001','RK001','Kursi','Ya'),
('A001','RK001','Kursi','Ya'),
('A001','RK001','Kursi','Ya'),
('A001','RK001','Kursi','Ya'),
('A001','RK001','Kursi','Ya'),
('A001','RK001','Kursi','Ya'),
('A001','RK001','Kursi','Ya'),
('A001','RK001','Kursi','Ya'),
('A001','RK001','Kursi','Ya'),
('A001','RK001','Kursi','Ya'),
('A001','RK001','Kursi','Ya'),
('A001','RK001','Kursi','Ya'),
('A001','RK001','Kursi','Ya'),
('A001','RK001','Kursi','Ya'),
('A001','RK001','Kursi','Ya'),
('A001','RK001','Kursi','Ya'),
('A001','RK001','Kursi','Ya'),
-- kelas2
('A001','RK002','Speaker','Ya'),
('A002','RK002','Proyektor','Ya'),
('A003','RK002','Papan Tulis','Tidak'),
('A004','RK002','Penghapus Papan Tulis','Ya'),
('A005','RK002','Lemari','Tidak'),
('A006','RK002','Floor Broom','Ya'),
('A007','RK002','Dust Pan','Ya'),
('A008','RK002','Stick Mop','Ya'),
('A009','RK002','Kemoceng','Ya'),
('A010','RK002','AC','Tidak'),
('A010','RK002','AC','Tidak'),
('A001','RK002','Meja','Ya'),
('A001','RK002','Meja','Ya'),
('A001','RK002','Meja','Ya'),
('A001','RK002','Meja','Ya'),
('A001','RK002','Meja','Ya'),
('A001','RK002','Meja','Ya'),
('A001','RK002','Meja','Ya'),
('A001','RK002','Meja','Ya'),
('A001','RK002','Meja','Ya'),
('A001','RK002','Meja','Ya'),
('A001','RK002','Meja','Ya'),
('A001','RK002','Meja','Ya'),
('A001','RK002','Meja','Ya'),
('A001','RK002','Meja','Ya'),
('A001','RK002','Meja','Ya'),
('A001','RK002','Meja','Ya'),
('A001','RK002','Meja','Ya'),
('A001','RK002','Meja','Ya'),
('A001','RK002','Meja','Ya'),
('A001','RK002','Meja','Ya'),
('A001','RK002','Meja','Ya'),
('A001','RK002','Meja','Ya'),
('A001','RK002','Meja','Ya'),
('A001','RK002','Meja','Ya'),
('A001','RK002','Meja','Ya'),
('A001','RK002','Meja','Ya'),
('A001','RK002','Meja','Ya'),
('A001','RK002','Meja','Ya'),
('A001','RK002','Meja','Ya'),
('A001','RK002','Meja','Ya'),
('A001','RK002','Meja','Ya'),
('A001','RK002','Meja','Ya'),
('A001','RK002','Meja','Ya'),
('A001','RK002','Meja','Ya'),
('A001','RK002','Meja','Ya'),
('A001','RK002','Meja','Ya'),
('A001','RK002','Meja','Ya'),
('A001','RK002','Meja','Ya'),
('A001','RK002','Meja','Ya'),
('A001','RK002','Meja','Ya'),
('A001','RK002','Kursi','Ya'),
('A001','RK002','Kursi','Ya'),
('A001','RK002','Kursi','Ya'),
('A001','RK002','Kursi','Ya'),
('A001','RK002','Kursi','Ya'),
('A001','RK002','Kursi','Ya'),
('A001','RK002','Kursi','Ya'),
('A001','RK002','Kursi','Ya'),
('A001','RK002','Kursi','Ya'),
('A001','RK002','Kursi','Ya'),
('A001','RK002','Kursi','Ya'),
('A001','RK002','Kursi','Ya'),
('A001','RK002','Kursi','Ya'),
('A001','RK002','Kursi','Ya'),
('A001','RK002','Kursi','Ya'),
('A001','RK002','Kursi','Ya'),
('A001','RK002','Kursi','Ya'),
('A001','RK002','Kursi','Ya'),
('A001','RK002','Kursi','Ya'),
('A001','RK002','Kursi','Ya'),
('A001','RK002','Kursi','Ya'),
('A001','RK002','Kursi','Ya'),
('A001','RK002','Kursi','Ya'),
('A001','RK002','Kursi','Ya'),
('A001','RK002','Kursi','Ya'),
('A001','RK002','Kursi','Ya'),
('A001','RK002','Kursi','Ya'),
('A001','RK002','Kursi','Ya'),
('A001','RK002','Kursi','Ya'),
('A001','RK002','Kursi','Ya'),
('A001','RK002','Kursi','Ya'),
('A001','RK002','Kursi','Ya'),
('A001','RK002','Kursi','Ya'),
('A001','RK002','Kursi','Ya'),
('A001','RK002','Kursi','Ya'),
('A001','RK002','Kursi','Ya'),
('A001','RK002','Kursi','Ya'),
('A001','RK002','Kursi','Ya'),
('A001','RK002','Kursi','Ya'),
('A001','RK002','Kursi','Ya'),
-- kelas3
('A001','RK003','Speaker','Ya'),
('A002','RK003','Proyektor','Ya'),
('A003','RK003','Papan Tulis','Tidak'),
('A004','RK003','Penghapus Papan Tulis','Ya'),
('A005','RK003','Lemari','Tidak'),
('A006','RK003','Floor Broom','Ya'),
('A007','RK003','Dust Pan','Ya'),
('A008','RK003','Stick Mop','Ya'),
('A009','RK003','Kemoceng','Ya'),
('A010','RK003','AC','Tidak'),
('A010','RK003','AC','Tidak'),
('A001','RK003','Meja','Ya'),
('A001','RK003','Meja','Ya'),
('A001','RK003','Meja','Ya'),
('A001','RK003','Meja','Ya'),
('A001','RK003','Meja','Ya'),
('A001','RK003','Meja','Ya'),
('A001','RK003','Meja','Ya'),
('A001','RK003','Meja','Ya'),
('A001','RK003','Meja','Ya'),
('A001','RK003','Meja','Ya'),
('A001','RK003','Meja','Ya'),
('A001','RK003','Meja','Ya'),
('A001','RK003','Meja','Ya'),
('A001','RK003','Meja','Ya'),
('A001','RK003','Meja','Ya'),
('A001','RK003','Meja','Ya'),
('A001','RK003','Meja','Ya'),
('A001','RK003','Meja','Ya'),
('A001','RK003','Meja','Ya'),
('A001','RK003','Meja','Ya'),
('A001','RK003','Meja','Ya'),
('A001','RK003','Meja','Ya'),
('A001','RK003','Meja','Ya'),
('A001','RK003','Meja','Ya'),
('A001','RK003','Meja','Ya'),
('A001','RK003','Meja','Ya'),
('A001','RK003','Meja','Ya'),
('A001','RK003','Meja','Ya'),
('A001','RK003','Meja','Ya'),
('A001','RK003','Meja','Ya'),
('A001','RK003','Meja','Ya'),
('A001','RK003','Meja','Ya'),
('A001','RK003','Meja','Ya'),
('A001','RK003','Meja','Ya'),
('A001','RK003','Meja','Ya'),
('A001','RK003','Meja','Ya'),
('A001','RK003','Meja','Ya'),
('A001','RK003','Meja','Ya'),
('A001','RK003','Meja','Ya'),
('A001','RK003','Meja','Ya'),
('A001','RK003','Kursi','Ya'),
('A001','RK003','Kursi','Ya'),
('A001','RK003','Kursi','Ya'),
('A001','RK003','Kursi','Ya'),
('A001','RK003','Kursi','Ya'),
('A001','RK003','Kursi','Ya'),
('A001','RK003','Kursi','Ya'),
('A001','RK003','Kursi','Ya'),
('A001','RK003','Kursi','Ya'),
('A001','RK003','Kursi','Ya'),
('A001','RK003','Kursi','Ya'),
('A001','RK003','Kursi','Ya'),
('A001','RK003','Kursi','Ya'),
('A001','RK003','Kursi','Ya'),
('A001','RK003','Kursi','Ya'),
('A001','RK003','Kursi','Ya'),
('A001','RK003','Kursi','Ya'),
('A001','RK003','Kursi','Ya'),
('A001','RK003','Kursi','Ya'),
('A001','RK003','Kursi','Ya'),
('A001','RK003','Kursi','Ya'),
('A001','RK003','Kursi','Ya'),
('A001','RK003','Kursi','Ya'),
('A001','RK003','Kursi','Ya'),
('A001','RK003','Kursi','Ya'),
('A001','RK003','Kursi','Ya'),
('A001','RK003','Kursi','Ya'),
('A001','RK003','Kursi','Ya'),
('A001','RK003','Kursi','Ya'),
('A001','RK003','Kursi','Ya'),
('A001','RK003','Kursi','Ya'),
('A001','RK003','Kursi','Ya'),
('A001','RK003','Kursi','Ya'),
('A001','RK003','Kursi','Ya'),
('A001','RK003','Kursi','Ya'),
('A001','RK003','Kursi','Ya'),
('A001','RK003','Kursi','Ya'),
('A001','RK003','Kursi','Ya'),
('A001','RK003','Kursi','Ya'),
('A001','RK003','Kursi','Ya'),
-- kelas4
('A001','RK004','Speaker','Ya'),
('A002','RK004','Proyektor','Ya'),
('A003','RK004','Papan Tulis','Tidak'),
('A004','RK004','Penghapus Papan Tulis','Ya'),
('A005','RK004','Lemari','Tidak'),
('A006','RK004','Floor Broom','Ya'),
('A007','RK004','Dust Pan','Ya'),
('A008','RK004','Stick Mop','Ya'),
('A009','RK004','Kemoceng','Ya'),
('A010','RK004','AC','Tidak'),
('A010','RK004','AC','Tidak'),
('A001','RK004','Meja','Ya'),
('A001','RK004','Meja','Ya'),
('A001','RK004','Meja','Ya'),
('A001','RK004','Meja','Ya'),
('A001','RK004','Meja','Ya'),
('A001','RK004','Meja','Ya'),
('A001','RK004','Meja','Ya'),
('A001','RK004','Meja','Ya'),
('A001','RK004','Meja','Ya'),
('A001','RK004','Meja','Ya'),
('A001','RK004','Meja','Ya'),
('A001','RK004','Meja','Ya'),
('A001','RK004','Meja','Ya'),
('A001','RK004','Meja','Ya'),
('A001','RK004','Meja','Ya'),
('A001','RK004','Meja','Ya'),
('A001','RK004','Meja','Ya'),
('A001','RK004','Meja','Ya'),
('A001','RK004','Meja','Ya'),
('A001','RK004','Meja','Ya'),
('A001','RK004','Meja','Ya'),
('A001','RK004','Meja','Ya'),
('A001','RK004','Meja','Ya'),
('A001','RK004','Meja','Ya'),
('A001','RK004','Meja','Ya'),
('A001','RK004','Meja','Ya'),
('A001','RK004','Meja','Ya'),
('A001','RK004','Meja','Ya'),
('A001','RK004','Meja','Ya'),
('A001','RK004','Meja','Ya'),
('A001','RK004','Meja','Ya'),
('A001','RK004','Meja','Ya'),
('A001','RK004','Meja','Ya'),
('A001','RK004','Meja','Ya'),
('A001','RK004','Meja','Ya'),
('A001','RK004','Meja','Ya'),
('A001','RK004','Meja','Ya'),
('A001','RK004','Meja','Ya'),
('A001','RK004','Meja','Ya'),
('A001','RK004','Meja','Ya'),
('A001','RK004','Kursi','Ya'),
('A001','RK004','Kursi','Ya'),
('A001','RK004','Kursi','Ya'),
('A001','RK004','Kursi','Ya'),
('A001','RK004','Kursi','Ya'),
('A001','RK004','Kursi','Ya'),
('A001','RK004','Kursi','Ya'),
('A001','RK004','Kursi','Ya'),
('A001','RK004','Kursi','Ya'),
('A001','RK004','Kursi','Ya'),
('A001','RK004','Kursi','Ya'),
('A001','RK004','Kursi','Ya'),
('A001','RK004','Kursi','Ya'),
('A001','RK004','Kursi','Ya'),
('A001','RK004','Kursi','Ya'),
('A001','RK004','Kursi','Ya'),
('A001','RK004','Kursi','Ya'),
('A001','RK004','Kursi','Ya'),
('A001','RK004','Kursi','Ya'),
('A001','RK004','Kursi','Ya'),
('A001','RK004','Kursi','Ya'),
('A001','RK004','Kursi','Ya'),
('A001','RK004','Kursi','Ya'),
('A001','RK004','Kursi','Ya'),
('A001','RK004','Kursi','Ya'),
('A001','RK004','Kursi','Ya'),
('A001','RK004','Kursi','Ya'),
('A001','RK004','Kursi','Ya'),
('A001','RK004','Kursi','Ya'),
('A001','RK004','Kursi','Ya'),
('A001','RK004','Kursi','Ya'),
('A001','RK004','Kursi','Ya'),
('A001','RK004','Kursi','Ya'),
('A001','RK004','Kursi','Ya'),
('A001','RK004','Kursi','Ya'),
('A001','RK004','Kursi','Ya'),
('A001','RK004','Kursi','Ya'),
('A001','RK004','Kursi','Ya'),
('A001','RK004','Kursi','Ya'),
('A001','RK004','Kursi','Ya'),
-- kelas5
('A001','RK005','Speaker','Ya'),
('A002','RK005','Proyektor','Ya'),
('A003','RK005','Papan Tulis','Tidak'),
('A004','RK005','Penghapus Papan Tulis','Ya'),
('A005','RK005','Lemari','Tidak'),
('A006','RK005','Floor Broom','Ya'),
('A007','RK005','Dust Pan','Ya'),
('A008','RK005','Stick Mop','Ya'),
('A009','RK005','Kemoceng','Ya'),
('A010','RK005','AC','Tidak'),
('A010','RK005','AC','Tidak'),
('A001','RK005','Meja','Ya'),
('A001','RK005','Meja','Ya'),
('A001','RK005','Meja','Ya'),
('A001','RK005','Meja','Ya'),
('A001','RK005','Meja','Ya'),
('A001','RK005','Meja','Ya'),
('A001','RK005','Meja','Ya'),
('A001','RK005','Meja','Ya'),
('A001','RK005','Meja','Ya'),
('A001','RK005','Meja','Ya'),
('A001','RK005','Meja','Ya'),
('A001','RK005','Meja','Ya'),
('A001','RK005','Meja','Ya'),
('A001','RK005','Meja','Ya'),
('A001','RK005','Meja','Ya'),
('A001','RK005','Meja','Ya'),
('A001','RK005','Meja','Ya'),
('A001','RK005','Meja','Ya'),
('A001','RK005','Meja','Ya'),
('A001','RK005','Meja','Ya'),
('A001','RK005','Meja','Ya'),
('A001','RK005','Meja','Ya'),
('A001','RK005','Meja','Ya'),
('A001','RK005','Meja','Ya'),
('A001','RK005','Meja','Ya'),
('A001','RK005','Meja','Ya'),
('A001','RK005','Meja','Ya'),
('A001','RK005','Meja','Ya'),
('A001','RK005','Meja','Ya'),
('A001','RK005','Meja','Ya'),
('A001','RK005','Meja','Ya'),
('A001','RK005','Meja','Ya'),
('A001','RK005','Meja','Ya'),
('A001','RK005','Meja','Ya'),
('A001','RK005','Meja','Ya'),
('A001','RK005','Meja','Ya'),
('A001','RK005','Meja','Ya'),
('A001','RK005','Meja','Ya'),
('A001','RK005','Meja','Ya'),
('A001','RK005','Meja','Ya'),
('A001','RK005','Kursi','Ya'),
('A001','RK005','Kursi','Ya'),
('A001','RK005','Kursi','Ya'),
('A001','RK005','Kursi','Ya'),
('A001','RK005','Kursi','Ya'),
('A001','RK005','Kursi','Ya'),
('A001','RK005','Kursi','Ya'),
('A001','RK005','Kursi','Ya'),
('A001','RK005','Kursi','Ya'),
('A001','RK005','Kursi','Ya'),
('A001','RK005','Kursi','Ya'),
('A001','RK005','Kursi','Ya'),
('A001','RK005','Kursi','Ya'),
('A001','RK005','Kursi','Ya'),
('A001','RK005','Kursi','Ya'),
('A001','RK005','Kursi','Ya'),
('A001','RK005','Kursi','Ya'),
('A001','RK005','Kursi','Ya'),
('A001','RK005','Kursi','Ya'),
('A001','RK005','Kursi','Ya'),
('A001','RK005','Kursi','Ya'),
('A001','RK005','Kursi','Ya'),
('A001','RK005','Kursi','Ya'),
('A001','RK005','Kursi','Ya'),
('A001','RK005','Kursi','Ya'),
('A001','RK005','Kursi','Ya'),
('A001','RK005','Kursi','Ya'),
('A001','RK005','Kursi','Ya'),
('A001','RK005','Kursi','Ya'),
('A001','RK005','Kursi','Ya'),
('A001','RK005','Kursi','Ya'),
('A001','RK005','Kursi','Ya'),
('A001','RK005','Kursi','Ya'),
('A001','RK005','Kursi','Ya'),
('A001','RK005','Kursi','Ya'),
('A001','RK005','Kursi','Ya'),
('A001','RK005','Kursi','Ya'),
('A001','RK005','Kursi','Ya'),
('A001','RK005','Kursi','Ya'),
('A001','RK005','Kursi','Ya'),
-- kelas6
('A001','RK006','Speaker','Ya'),
('A002','RK006','Proyektor','Ya'),
('A003','RK006','Papan Tulis','Tidak'),
('A004','RK006','Penghapus Papan Tulis','Ya'),
('A005','RK006','Lemari','Tidak'),
('A006','RK006','Floor Broom','Ya'),
('A007','RK006','Dust Pan','Ya'),
('A008','RK006','Stick Mop','Ya'),
('A009','RK006','Kemoceng','Ya'),
('A010','RK006','AC','Tidak'),
('A010','RK006','AC','Tidak'),
('A001','RK006','Meja','Ya'),
('A001','RK006','Meja','Ya'),
('A001','RK006','Meja','Ya'),
('A001','RK006','Meja','Ya'),
('A001','RK006','Meja','Ya'),
('A001','RK006','Meja','Ya'),
('A001','RK006','Meja','Ya'),
('A001','RK006','Meja','Ya'),
('A001','RK006','Meja','Ya'),
('A001','RK006','Meja','Ya'),
('A001','RK006','Meja','Ya'),
('A001','RK006','Meja','Ya'),
('A001','RK006','Meja','Ya'),
('A001','RK006','Meja','Ya'),
('A001','RK006','Meja','Ya'),
('A001','RK006','Meja','Ya'),
('A001','RK006','Meja','Ya'),
('A001','RK006','Meja','Ya'),
('A001','RK006','Meja','Ya'),
('A001','RK006','Meja','Ya'),
('A001','RK006','Meja','Ya'),
('A001','RK006','Meja','Ya'),
('A001','RK006','Meja','Ya'),
('A001','RK006','Meja','Ya'),
('A001','RK006','Meja','Ya'),
('A001','RK006','Meja','Ya'),
('A001','RK006','Meja','Ya'),
('A001','RK006','Meja','Ya'),
('A001','RK006','Meja','Ya'),
('A001','RK006','Meja','Ya'),
('A001','RK006','Meja','Ya'),
('A001','RK006','Meja','Ya'),
('A001','RK006','Meja','Ya'),
('A001','RK006','Meja','Ya'),
('A001','RK006','Meja','Ya'),
('A001','RK006','Meja','Ya'),
('A001','RK006','Meja','Ya'),
('A001','RK006','Meja','Ya'),
('A001','RK006','Meja','Ya'),
('A001','RK006','Meja','Ya'),
('A001','RK006','Kursi','Ya'),
('A001','RK006','Kursi','Ya'),
('A001','RK006','Kursi','Ya'),
('A001','RK006','Kursi','Ya'),
('A001','RK006','Kursi','Ya'),
('A001','RK006','Kursi','Ya'),
('A001','RK006','Kursi','Ya'),
('A001','RK006','Kursi','Ya'),
('A001','RK006','Kursi','Ya'),
('A001','RK006','Kursi','Ya'),
('A001','RK006','Kursi','Ya'),
('A001','RK006','Kursi','Ya'),
('A001','RK006','Kursi','Ya'),
('A001','RK006','Kursi','Ya'),
('A001','RK006','Kursi','Ya'),
('A001','RK006','Kursi','Ya'),
('A001','RK006','Kursi','Ya'),
('A001','RK006','Kursi','Ya'),
('A001','RK006','Kursi','Ya'),
('A001','RK006','Kursi','Ya'),
('A001','RK006','Kursi','Ya'),
('A001','RK006','Kursi','Ya'),
('A001','RK006','Kursi','Ya'),
('A001','RK006','Kursi','Ya'),
('A001','RK006','Kursi','Ya'),
('A001','RK006','Kursi','Ya'),
('A001','RK006','Kursi','Ya'),
('A001','RK006','Kursi','Ya'),
('A001','RK006','Kursi','Ya'),
('A001','RK006','Kursi','Ya'),
('A001','RK006','Kursi','Ya'),
('A001','RK006','Kursi','Ya'),
('A001','RK006','Kursi','Ya'),
('A001','RK006','Kursi','Ya'),
('A001','RK006','Kursi','Ya'),
('A001','RK006','Kursi','Ya'),
('A001','RK006','Kursi','Ya'),
('A001','RK006','Kursi','Ya'),
('A001','RK006','Kursi','Ya'),
('A001','RK006','Kursi','Ya'),
-- kelas7
('A001','RK007','Speaker','Ya'),
('A002','RK007','Proyektor','Ya'),
('A003','RK007','Papan Tulis','Tidak'),
('A004','RK007','Penghapus Papan Tulis','Ya'),
('A005','RK007','Lemari','Tidak'),
('A006','RK007','Floor Broom','Ya'),
('A007','RK007','Dust Pan','Ya'),
('A008','RK007','Stick Mop','Ya'),
('A009','RK007','Kemoceng','Ya'),
('A010','RK007','AC','Tidak'),
('A010','RK007','AC','Tidak'),
('A001','RK007','Meja','Ya'),
('A001','RK007','Meja','Ya'),
('A001','RK007','Meja','Ya'),
('A001','RK007','Meja','Ya'),
('A001','RK007','Meja','Ya'),
('A001','RK007','Meja','Ya'),
('A001','RK007','Meja','Ya'),
('A001','RK007','Meja','Ya'),
('A001','RK007','Meja','Ya'),
('A001','RK007','Meja','Ya'),
('A001','RK007','Meja','Ya'),
('A001','RK007','Meja','Ya'),
('A001','RK007','Meja','Ya'),
('A001','RK007','Meja','Ya'),
('A001','RK007','Meja','Ya'),
('A001','RK007','Meja','Ya'),
('A001','RK007','Meja','Ya'),
('A001','RK007','Meja','Ya'),
('A001','RK007','Meja','Ya'),
('A001','RK007','Meja','Ya'),
('A001','RK007','Meja','Ya'),
('A001','RK007','Meja','Ya'),
('A001','RK007','Meja','Ya'),
('A001','RK007','Meja','Ya'),
('A001','RK007','Meja','Ya'),
('A001','RK007','Meja','Ya'),
('A001','RK007','Meja','Ya'),
('A001','RK007','Meja','Ya'),
('A001','RK007','Meja','Ya'),
('A001','RK007','Meja','Ya'),
('A001','RK007','Meja','Ya'),
('A001','RK007','Meja','Ya'),
('A001','RK007','Meja','Ya'),
('A001','RK007','Meja','Ya'),
('A001','RK007','Meja','Ya'),
('A001','RK007','Meja','Ya'),
('A001','RK007','Meja','Ya'),
('A001','RK007','Meja','Ya'),
('A001','RK007','Meja','Ya'),
('A001','RK007','Meja','Ya'),
('A001','RK007','Kursi','Ya'),
('A001','RK007','Kursi','Ya'),
('A001','RK007','Kursi','Ya'),
('A001','RK007','Kursi','Ya'),
('A001','RK007','Kursi','Ya'),
('A001','RK007','Kursi','Ya'),
('A001','RK007','Kursi','Ya'),
('A001','RK007','Kursi','Ya'),
('A001','RK007','Kursi','Ya'),
('A001','RK007','Kursi','Ya'),
('A001','RK007','Kursi','Ya'),
('A001','RK007','Kursi','Ya'),
('A001','RK007','Kursi','Ya'),
('A001','RK007','Kursi','Ya'),
('A001','RK007','Kursi','Ya'),
('A001','RK007','Kursi','Ya'),
('A001','RK007','Kursi','Ya'),
('A001','RK007','Kursi','Ya'),
('A001','RK007','Kursi','Ya'),
('A001','RK007','Kursi','Ya'),
('A001','RK007','Kursi','Ya'),
('A001','RK007','Kursi','Ya'),
('A001','RK007','Kursi','Ya'),
('A001','RK007','Kursi','Ya'),
('A001','RK007','Kursi','Ya'),
('A001','RK007','Kursi','Ya'),
('A001','RK007','Kursi','Ya'),
('A001','RK007','Kursi','Ya'),
('A001','RK007','Kursi','Ya'),
('A001','RK007','Kursi','Ya'),
('A001','RK007','Kursi','Ya'),
('A001','RK007','Kursi','Ya'),
('A001','RK007','Kursi','Ya'),
('A001','RK007','Kursi','Ya'),
('A001','RK007','Kursi','Ya'),
('A001','RK007','Kursi','Ya'),
('A001','RK007','Kursi','Ya'),
('A001','RK007','Kursi','Ya'),
('A001','RK007','Kursi','Ya'),
('A001','RK007','Kursi','Ya'),
-- kelas8
('A001','RK008','Speaker','Ya'),
('A002','RK008','Proyektor','Ya'),
('A003','RK008','Papan Tulis','Tidak'),
('A004','RK008','Penghapus Papan Tulis','Ya'),
('A005','RK008','Lemari','Tidak'),
('A006','RK008','Floor Broom','Ya'),
('A007','RK008','Dust Pan','Ya'),
('A008','RK008','Stick Mop','Ya'),
('A009','RK008','Kemoceng','Ya'),
('A010','RK008','AC','Tidak'),
('A010','RK008','AC','Tidak'),
('A001','RK008','Meja','Ya'),
('A001','RK008','Meja','Ya'),
('A001','RK008','Meja','Ya'),
('A001','RK008','Meja','Ya'),
('A001','RK008','Meja','Ya'),
('A001','RK008','Meja','Ya'),
('A001','RK008','Meja','Ya'),
('A001','RK008','Meja','Ya'),
('A001','RK008','Meja','Ya'),
('A001','RK008','Meja','Ya'),
('A001','RK008','Meja','Ya'),
('A001','RK008','Meja','Ya'),
('A001','RK008','Meja','Ya'),
('A001','RK008','Meja','Ya'),
('A001','RK008','Meja','Ya'),
('A001','RK008','Meja','Ya'),
('A001','RK008','Meja','Ya'),
('A001','RK008','Meja','Ya'),
('A001','RK008','Meja','Ya'),
('A001','RK008','Meja','Ya'),
('A001','RK008','Meja','Ya'),
('A001','RK008','Meja','Ya'),
('A001','RK008','Meja','Ya'),
('A001','RK008','Meja','Ya'),
('A001','RK008','Meja','Ya'),
('A001','RK008','Meja','Ya'),
('A001','RK008','Meja','Ya'),
('A001','RK008','Meja','Ya'),
('A001','RK008','Meja','Ya'),
('A001','RK008','Meja','Ya'),
('A001','RK008','Meja','Ya'),
('A001','RK008','Meja','Ya'),
('A001','RK008','Meja','Ya'),
('A001','RK008','Meja','Ya'),
('A001','RK008','Meja','Ya'),
('A001','RK008','Meja','Ya'),
('A001','RK008','Meja','Ya'),
('A001','RK008','Meja','Ya'),
('A001','RK008','Meja','Ya'),
('A001','RK008','Meja','Ya'),
('A001','RK008','Kursi','Ya'),
('A001','RK008','Kursi','Ya'),
('A001','RK008','Kursi','Ya'),
('A001','RK008','Kursi','Ya'),
('A001','RK008','Kursi','Ya'),
('A001','RK008','Kursi','Ya'),
('A001','RK008','Kursi','Ya'),
('A001','RK008','Kursi','Ya'),
('A001','RK008','Kursi','Ya'),
('A001','RK008','Kursi','Ya'),
('A001','RK008','Kursi','Ya'),
('A001','RK008','Kursi','Ya'),
('A001','RK008','Kursi','Ya'),
('A001','RK008','Kursi','Ya'),
('A001','RK008','Kursi','Ya'),
('A001','RK008','Kursi','Ya'),
('A001','RK008','Kursi','Ya'),
('A001','RK008','Kursi','Ya'),
('A001','RK008','Kursi','Ya'),
('A001','RK008','Kursi','Ya'),
('A001','RK008','Kursi','Ya'),
('A001','RK008','Kursi','Ya'),
('A001','RK008','Kursi','Ya'),
('A001','RK008','Kursi','Ya'),
('A001','RK008','Kursi','Ya'),
('A001','RK008','Kursi','Ya'),
('A001','RK008','Kursi','Ya'),
('A001','RK008','Kursi','Ya'),
('A001','RK008','Kursi','Ya'),
('A001','RK008','Kursi','Ya'),
('A001','RK008','Kursi','Ya'),
('A001','RK008','Kursi','Ya'),
('A001','RK008','Kursi','Ya'),
('A001','RK008','Kursi','Ya'),
('A001','RK008','Kursi','Ya'),
('A001','RK008','Kursi','Ya'),
('A001','RK008','Kursi','Ya'),
('A001','RK008','Kursi','Ya'),
('A001','RK008','Kursi','Ya'),
('A001','RK008','Kursi','Ya'),
-- kelas9
('A001','RK009','Speaker','Ya'),
('A002','RK009','Proyektor','Ya'),
('A003','RK009','Papan Tulis','Tidak'),
('A004','RK009','Penghapus Papan Tulis','Ya'),
('A005','RK009','Lemari','Tidak'),
('A006','RK009','Floor Broom','Ya'),
('A007','RK009','Dust Pan','Ya'),
('A008','RK009','Stick Mop','Ya'),
('A009','RK009','Kemoceng','Ya'),
('A010','RK009','AC','Tidak'),
('A010','RK009','AC','Tidak'),
('A001','RK009','Meja','Ya'),
('A001','RK009','Meja','Ya'),
('A001','RK009','Meja','Ya'),
('A001','RK009','Meja','Ya'),
('A001','RK009','Meja','Ya'),
('A001','RK009','Meja','Ya'),
('A001','RK009','Meja','Ya'),
('A001','RK009','Meja','Ya'),
('A001','RK009','Meja','Ya'),
('A001','RK009','Meja','Ya'),
('A001','RK009','Meja','Ya'),
('A001','RK009','Meja','Ya'),
('A001','RK009','Meja','Ya'),
('A001','RK009','Meja','Ya'),
('A001','RK009','Meja','Ya'),
('A001','RK009','Meja','Ya'),
('A001','RK009','Meja','Ya'),
('A001','RK009','Meja','Ya'),
('A001','RK009','Meja','Ya'),
('A001','RK009','Meja','Ya'),
('A001','RK009','Meja','Ya'),
('A001','RK009','Meja','Ya'),
('A001','RK009','Meja','Ya'),
('A001','RK009','Meja','Ya'),
('A001','RK009','Meja','Ya'),
('A001','RK009','Meja','Ya'),
('A001','RK009','Meja','Ya'),
('A001','RK009','Meja','Ya'),
('A001','RK009','Meja','Ya'),
('A001','RK009','Meja','Ya'),
('A001','RK009','Meja','Ya'),
('A001','RK009','Meja','Ya'),
('A001','RK009','Meja','Ya'),
('A001','RK009','Meja','Ya'),
('A001','RK009','Meja','Ya'),
('A001','RK009','Meja','Ya'),
('A001','RK009','Meja','Ya'),
('A001','RK009','Meja','Ya'),
('A001','RK009','Meja','Ya'),
('A001','RK009','Meja','Ya'),
('A001','RK009','Kursi','Ya'),
('A001','RK009','Kursi','Ya'),
('A001','RK009','Kursi','Ya'),
('A001','RK009','Kursi','Ya'),
('A001','RK009','Kursi','Ya'),
('A001','RK009','Kursi','Ya'),
('A001','RK009','Kursi','Ya'),
('A001','RK009','Kursi','Ya'),
('A001','RK009','Kursi','Ya'),
('A001','RK009','Kursi','Ya'),
('A001','RK009','Kursi','Ya'),
('A001','RK009','Kursi','Ya'),
('A001','RK009','Kursi','Ya'),
('A001','RK009','Kursi','Ya'),
('A001','RK009','Kursi','Ya'),
('A001','RK009','Kursi','Ya'),
('A001','RK009','Kursi','Ya'),
('A001','RK009','Kursi','Ya'),
('A001','RK009','Kursi','Ya'),
('A001','RK009','Kursi','Ya'),
('A001','RK009','Kursi','Ya'),
('A001','RK009','Kursi','Ya'),
('A001','RK009','Kursi','Ya'),
('A001','RK009','Kursi','Ya'),
('A001','RK009','Kursi','Ya'),
('A001','RK009','Kursi','Ya'),
('A001','RK009','Kursi','Ya'),
('A001','RK009','Kursi','Ya'),
('A001','RK009','Kursi','Ya'),
('A001','RK009','Kursi','Ya'),
('A001','RK009','Kursi','Ya'),
('A001','RK009','Kursi','Ya'),
('A001','RK009','Kursi','Ya'),
('A001','RK009','Kursi','Ya'),
('A001','RK009','Kursi','Ya'),
('A001','RK009','Kursi','Ya'),
('A001','RK009','Kursi','Ya'),
('A001','RK009','Kursi','Ya'),
('A001','RK009','Kursi','Ya'),
('A001','RK009','Kursi','Ya'),
-- kelas10
('A001','RK010','Speaker','Ya'),
('A002','RK010','Proyektor','Ya'),
('A003','RK010','Papan Tulis','Tidak'),
('A004','RK010','Penghapus Papan Tulis','Ya'),
('A005','RK010','Lemari','Tidak'),
('A006','RK010','Floor Broom','Ya'),
('A007','RK010','Dust Pan','Ya'),
('A008','RK010','Stick Mop','Ya'),
('A009','RK010','Kemoceng','Ya'),
('A010','RK010','AC','Tidak'),
('A010','RK010','AC','Tidak'),
('A001','RK010','Meja','Ya'),
('A001','RK010','Meja','Ya'),
('A001','RK010','Meja','Ya'),
('A001','RK010','Meja','Ya'),
('A001','RK010','Meja','Ya'),
('A001','RK010','Meja','Ya'),
('A001','RK010','Meja','Ya'),
('A001','RK010','Meja','Ya'),
('A001','RK010','Meja','Ya'),
('A001','RK010','Meja','Ya'),
('A001','RK010','Meja','Ya'),
('A001','RK010','Meja','Ya'),
('A001','RK010','Meja','Ya'),
('A001','RK010','Meja','Ya'),
('A001','RK010','Meja','Ya'),
('A001','RK010','Meja','Ya'),
('A001','RK010','Meja','Ya'),
('A001','RK010','Meja','Ya'),
('A001','RK010','Meja','Ya'),
('A001','RK010','Meja','Ya'),
('A001','RK010','Meja','Ya'),
('A001','RK010','Meja','Ya'),
('A001','RK010','Meja','Ya'),
('A001','RK010','Meja','Ya'),
('A001','RK010','Meja','Ya'),
('A001','RK010','Meja','Ya'),
('A001','RK010','Meja','Ya'),
('A001','RK010','Meja','Ya'),
('A001','RK010','Meja','Ya'),
('A001','RK010','Meja','Ya'),
('A001','RK010','Meja','Ya'),
('A001','RK010','Meja','Ya'),
('A001','RK010','Meja','Ya'),
('A001','RK010','Meja','Ya'),
('A001','RK010','Meja','Ya'),
('A001','RK010','Meja','Ya'),
('A001','RK010','Meja','Ya'),
('A001','RK010','Meja','Ya'),
('A001','RK010','Meja','Ya'),
('A001','RK010','Meja','Ya'),
('A001','RK010','Kursi','Ya'),
('A001','RK010','Kursi','Ya'),
('A001','RK010','Kursi','Ya'),
('A001','RK010','Kursi','Ya'),
('A001','RK010','Kursi','Ya'),
('A001','RK010','Kursi','Ya'),
('A001','RK010','Kursi','Ya'),
('A001','RK010','Kursi','Ya'),
('A001','RK010','Kursi','Ya'),
('A001','RK010','Kursi','Ya'),
('A001','RK010','Kursi','Ya'),
('A001','RK010','Kursi','Ya'),
('A001','RK010','Kursi','Ya'),
('A001','RK010','Kursi','Ya'),
('A001','RK010','Kursi','Ya'),
('A001','RK010','Kursi','Ya'),
('A001','RK010','Kursi','Ya'),
('A001','RK010','Kursi','Ya'),
('A001','RK010','Kursi','Ya'),
('A001','RK010','Kursi','Ya'),
('A001','RK010','Kursi','Ya'),
('A001','RK010','Kursi','Ya'),
('A001','RK010','Kursi','Ya'),
('A001','RK010','Kursi','Ya'),
('A001','RK010','Kursi','Ya'),
('A001','RK010','Kursi','Ya'),
('A001','RK010','Kursi','Ya'),
('A001','RK010','Kursi','Ya'),
('A001','RK010','Kursi','Ya'),
('A001','RK010','Kursi','Ya'),
('A001','RK010','Kursi','Ya'),
('A001','RK010','Kursi','Ya'),
('A001','RK010','Kursi','Ya'),
('A001','RK010','Kursi','Ya'),
('A001','RK010','Kursi','Ya'),
('A001','RK010','Kursi','Ya'),
('A001','RK010','Kursi','Ya'),
('A001','RK010','Kursi','Ya'),
('A001','RK010','Kursi','Ya'),
('A001','RK010','Kursi','Ya'),
-- kelas11
('A001','RK011','Speaker','Ya'),
('A002','RK011','Proyektor','Ya'),
('A003','RK011','Papan Tulis','Tidak'),
('A004','RK011','Penghapus Papan Tulis','Ya'),
('A005','RK011','Lemari','Tidak'),
('A006','RK011','Floor Broom','Ya'),
('A007','RK011','Dust Pan','Ya'),
('A008','RK011','Stick Mop','Ya'),
('A009','RK011','Kemoceng','Ya'),
('A010','RK011','AC','Tidak'),
('A010','RK011','AC','Tidak'),
('A001','RK011','Meja','Ya'),
('A001','RK011','Meja','Ya'),
('A001','RK011','Meja','Ya'),
('A001','RK011','Meja','Ya'),
('A001','RK011','Meja','Ya'),
('A001','RK011','Meja','Ya'),
('A001','RK011','Meja','Ya'),
('A001','RK011','Meja','Ya'),
('A001','RK011','Meja','Ya'),
('A001','RK011','Meja','Ya'),
('A001','RK011','Meja','Ya'),
('A001','RK011','Meja','Ya'),
('A001','RK011','Meja','Ya'),
('A001','RK011','Meja','Ya'),
('A001','RK011','Meja','Ya'),
('A001','RK011','Meja','Ya'),
('A001','RK011','Meja','Ya'),
('A001','RK011','Meja','Ya'),
('A001','RK011','Meja','Ya'),
('A001','RK011','Meja','Ya'),
('A001','RK011','Meja','Ya'),
('A001','RK011','Meja','Ya'),
('A001','RK011','Meja','Ya'),
('A001','RK011','Meja','Ya'),
('A001','RK011','Meja','Ya'),
('A001','RK011','Meja','Ya'),
('A001','RK011','Meja','Ya'),
('A001','RK011','Meja','Ya'),
('A001','RK011','Meja','Ya'),
('A001','RK011','Meja','Ya'),
('A001','RK011','Meja','Ya'),
('A001','RK011','Meja','Ya'),
('A001','RK011','Meja','Ya'),
('A001','RK011','Meja','Ya'),
('A001','RK011','Meja','Ya'),
('A001','RK011','Meja','Ya'),
('A001','RK011','Meja','Ya'),
('A001','RK011','Meja','Ya'),
('A001','RK011','Meja','Ya'),
('A001','RK011','Meja','Ya'),
('A001','RK011','Kursi','Ya'),
('A001','RK011','Kursi','Ya'),
('A001','RK011','Kursi','Ya'),
('A001','RK011','Kursi','Ya'),
('A001','RK011','Kursi','Ya'),
('A001','RK011','Kursi','Ya'),
('A001','RK011','Kursi','Ya'),
('A001','RK011','Kursi','Ya'),
('A001','RK011','Kursi','Ya'),
('A001','RK011','Kursi','Ya'),
('A001','RK011','Kursi','Ya'),
('A001','RK011','Kursi','Ya'),
('A001','RK011','Kursi','Ya'),
('A001','RK011','Kursi','Ya'),
('A001','RK011','Kursi','Ya'),
('A001','RK011','Kursi','Ya'),
('A001','RK011','Kursi','Ya'),
('A001','RK011','Kursi','Ya'),
('A001','RK011','Kursi','Ya'),
('A001','RK011','Kursi','Ya'),
('A001','RK011','Kursi','Ya'),
('A001','RK011','Kursi','Ya'),
('A001','RK011','Kursi','Ya'),
('A001','RK011','Kursi','Ya'),
('A001','RK011','Kursi','Ya'),
('A001','RK011','Kursi','Ya'),
('A001','RK011','Kursi','Ya'),
('A001','RK011','Kursi','Ya'),
('A001','RK011','Kursi','Ya'),
('A001','RK011','Kursi','Ya'),
('A001','RK011','Kursi','Ya'),
('A001','RK011','Kursi','Ya'),
('A001','RK011','Kursi','Ya'),
('A001','RK011','Kursi','Ya'),
('A001','RK011','Kursi','Ya'),
('A001','RK011','Kursi','Ya'),
('A001','RK011','Kursi','Ya'),
('A001','RK011','Kursi','Ya'),
('A001','RK011','Kursi','Ya'),
('A001','RK011','Kursi','Ya'),
-- kelas12
('A001','RK012','Speaker','Ya'),
('A002','RK012','Proyektor','Ya'),
('A003','RK012','Papan Tulis','Tidak'),
('A004','RK012','Penghapus Papan Tulis','Ya'),
('A005','RK012','Lemari','Tidak'),
('A006','RK012','Floor Broom','Ya'),
('A007','RK012','Dust Pan','Ya'),
('A008','RK012','Stick Mop','Ya'),
('A009','RK012','Kemoceng','Ya'),
('A010','RK012','AC','Tidak'),
('A010','RK012','AC','Tidak'),
('A001','RK012','Meja','Ya'),
('A001','RK012','Meja','Ya'),
('A001','RK012','Meja','Ya'),
('A001','RK012','Meja','Ya'),
('A001','RK012','Meja','Ya'),
('A001','RK012','Meja','Ya'),
('A001','RK012','Meja','Ya'),
('A001','RK012','Meja','Ya'),
('A001','RK012','Meja','Ya'),
('A001','RK012','Meja','Ya'),
('A001','RK012','Meja','Ya'),
('A001','RK012','Meja','Ya'),
('A001','RK012','Meja','Ya'),
('A001','RK012','Meja','Ya'),
('A001','RK012','Meja','Ya'),
('A001','RK012','Meja','Ya'),
('A001','RK012','Meja','Ya'),
('A001','RK012','Meja','Ya'),
('A001','RK012','Meja','Ya'),
('A001','RK012','Meja','Ya'),
('A001','RK012','Meja','Ya'),
('A001','RK012','Meja','Ya'),
('A001','RK012','Meja','Ya'),
('A001','RK012','Meja','Ya'),
('A001','RK012','Meja','Ya'),
('A001','RK012','Meja','Ya'),
('A001','RK012','Meja','Ya'),
('A001','RK012','Meja','Ya'),
('A001','RK012','Meja','Ya'),
('A001','RK012','Meja','Ya'),
('A001','RK012','Meja','Ya'),
('A001','RK012','Meja','Ya'),
('A001','RK012','Meja','Ya'),
('A001','RK012','Meja','Ya'),
('A001','RK012','Meja','Ya'),
('A001','RK012','Meja','Ya'),
('A001','RK012','Meja','Ya'),
('A001','RK012','Meja','Ya'),
('A001','RK012','Meja','Ya'),
('A001','RK012','Meja','Ya'),
('A001','RK012','Kursi','Ya'),
('A001','RK012','Kursi','Ya'),
('A001','RK012','Kursi','Ya'),
('A001','RK012','Kursi','Ya'),
('A001','RK012','Kursi','Ya'),
('A001','RK012','Kursi','Ya'),
('A001','RK012','Kursi','Ya'),
('A001','RK012','Kursi','Ya'),
('A001','RK012','Kursi','Ya'),
('A001','RK012','Kursi','Ya'),
('A001','RK012','Kursi','Ya'),
('A001','RK012','Kursi','Ya'),
('A001','RK012','Kursi','Ya'),
('A001','RK012','Kursi','Ya'),
('A001','RK012','Kursi','Ya'),
('A001','RK012','Kursi','Ya'),
('A001','RK012','Kursi','Ya'),
('A001','RK012','Kursi','Ya'),
('A001','RK012','Kursi','Ya'),
('A001','RK012','Kursi','Ya'),
('A001','RK012','Kursi','Ya'),
('A001','RK012','Kursi','Ya'),
('A001','RK012','Kursi','Ya'),
('A001','RK012','Kursi','Ya'),
('A001','RK012','Kursi','Ya'),
('A001','RK012','Kursi','Ya'),
('A001','RK012','Kursi','Ya'),
('A001','RK012','Kursi','Ya'),
('A001','RK012','Kursi','Ya'),
('A001','RK012','Kursi','Ya'),
('A001','RK012','Kursi','Ya'),
('A001','RK012','Kursi','Ya'),
('A001','RK012','Kursi','Ya'),
('A001','RK012','Kursi','Ya'),
('A001','RK012','Kursi','Ya'),
('A001','RK012','Kursi','Ya'),
('A001','RK012','Kursi','Ya'),
('A001','RK012','Kursi','Ya'),
('A001','RK012','Kursi','Ya'),
('A001','RK012','Kursi','Ya'),
-- dosen
-- dosen1
('A001','RD001','Lemari','Tidak'),
('A001','RD001','Lemari','Tidak'),
('A001','RD001','Lemari','Tidak'),
('A001','RD001','PC', 'Tidak'),
('A001','RD001','PC', 'Tidak'),
('A001','RD001','PC', 'Tidak'),
('A001','RD001','PC', 'Tidak'),
('A001','RD001','PC', 'Tidak'),
('A001','RD001','PC', 'Tidak'),
('A001','RD001','PC', 'Tidak'),
('A001','RD001','PC', 'Tidak'),
('A001','RD001','PC', 'Tidak'),
('A001','RD001','PC', 'Tidak'),
('A001','RD001','PC', 'Tidak'),
('A001','RD001','PC', 'Tidak'),
('A001','RD001','PC', 'Tidak'),
('A001','RD001','PC', 'Tidak'),
('A001','RD001','PC', 'Tidak'),
('A001','RD001','PC', 'Tidak'),
('A001','RD001','PC', 'Tidak'),
('A001','RD001','PC', 'Tidak'),
('A001','RD001','PC', 'Tidak'),
('A001','RD001','PC', 'Tidak'),
('A001','RD001','Printer', 'Ya'),
('A001','RD001','Printer', 'Ya'),
('A001','RD001','AC','Tidak'),
('A001','RD001','AC','Tidak'),
('A001','RD001','AC','Tidak'),
('A001','RD001','AC','Tidak'),
('A001','RD001','Meja','Ya'),
('A001','RD001','Meja','Ya'),
('A001','RD001','Meja','Ya'),
('A001','RD001','Meja','Ya'),
('A001','RD001','Meja','Ya'),
('A001','RD001','Meja','Ya'),
('A001','RD001','Meja','Ya'),
('A001','RD001','Meja','Ya'),
('A001','RD001','Meja','Ya'),
('A001','RD001','Meja','Ya'),
('A001','RD001','Meja','Ya'),
('A001','RD001','Meja','Ya'),
('A001','RD001','Meja','Ya'),
('A001','RD001','Meja','Ya'),
('A001','RD001','Meja','Ya'),
('A001','RD001','Meja','Ya'),
('A001','RD001','Meja','Ya'),
('A001','RD001','Meja','Ya'),
('A001','RD001','Meja','Ya'),
('A001','RD001','Meja','Ya'),
('A001','RD001','Kursi','Ya'),
('A001','RD001','Kursi','Ya'),
('A001','RD001','Kursi','Ya'),
('A001','RD001','Kursi','Ya'),
('A001','RD001','Kursi','Ya'),
('A001','RD001','Kursi','Ya'),
('A001','RD001','Kursi','Ya'),
('A001','RD001','Kursi','Ya'),
('A001','RD001','Kursi','Ya'),
('A001','RD001','Kursi','Ya'),
('A001','RD001','Kursi','Ya'),
('A001','RD001','Kursi','Ya'),
('A001','RD001','Kursi','Ya'),
('A001','RD001','Kursi','Ya'),
('A001','RD001','Kursi','Ya'),
('A001','RD001','Kursi','Ya'),
('A001','RD001','Kursi','Ya'),
('A001','RD001','Kursi','Ya'),
('A001','RD001','Kursi','Ya'),
('A001','RD001','Kursi','Ya'),
-- dosen2
('A001','RD002','Lemari','Tidak'),
('A001','RD002','Lemari','Tidak'),
('A001','RD002','Lemari','Tidak'),
('A001','RD002','PC', 'Tidak'),
('A001','RD002','PC', 'Tidak'),
('A001','RD002','PC', 'Tidak'),
('A001','RD002','PC', 'Tidak'),
('A001','RD002','PC', 'Tidak'),
('A001','RD002','PC', 'Tidak'),
('A001','RD002','PC', 'Tidak'),
('A001','RD002','PC', 'Tidak'),
('A001','RD002','PC', 'Tidak'),
('A001','RD002','PC', 'Tidak'),
('A001','RD002','PC', 'Tidak'),
('A001','RD002','PC', 'Tidak'),
('A001','RD002','PC', 'Tidak'),
('A001','RD002','PC', 'Tidak'),
('A001','RD002','PC', 'Tidak'),
('A001','RD002','PC', 'Tidak'),
('A001','RD002','PC', 'Tidak'),
('A001','RD002','PC', 'Tidak'),
('A001','RD002','PC', 'Tidak'),
('A001','RD002','PC', 'Tidak'),
('A001','RD002','Printer', 'Ya'),
('A001','RD002','Printer', 'Ya'),
('A001','RD002','AC','Tidak'),
('A001','RD002','AC','Tidak'),
('A001','RD002','AC','Tidak'),
('A001','RD002','AC','Tidak'),
('A001','RD002','Meja','Ya'),
('A001','RD002','Meja','Ya'),
('A001','RD002','Meja','Ya'),
('A001','RD002','Meja','Ya'),
('A001','RD002','Meja','Ya'),
('A001','RD002','Meja','Ya'),
('A001','RD002','Meja','Ya'),
('A001','RD002','Meja','Ya'),
('A001','RD002','Meja','Ya'),
('A001','RD002','Meja','Ya'),
('A001','RD002','Meja','Ya'),
('A001','RD002','Meja','Ya'),
('A001','RD002','Meja','Ya'),
('A001','RD002','Meja','Ya'),
('A001','RD002','Meja','Ya'),
('A001','RD002','Meja','Ya'),
('A001','RD002','Meja','Ya'),
('A001','RD002','Meja','Ya'),
('A001','RD002','Meja','Ya'),
('A001','RD002','Meja','Ya'),
('A001','RD002','Kursi','Ya'),
('A001','RD002','Kursi','Ya'),
('A001','RD002','Kursi','Ya'),
('A001','RD002','Kursi','Ya'),
('A001','RD002','Kursi','Ya'),
('A001','RD002','Kursi','Ya'),
('A001','RD002','Kursi','Ya'),
('A001','RD002','Kursi','Ya'),
('A001','RD002','Kursi','Ya'),
('A001','RD002','Kursi','Ya'),
('A001','RD002','Kursi','Ya'),
('A001','RD002','Kursi','Ya'),
('A001','RD002','Kursi','Ya'),
('A001','RD002','Kursi','Ya'),
('A001','RD002','Kursi','Ya'),
('A001','RD002','Kursi','Ya'),
('A001','RD002','Kursi','Ya'),
('A001','RD002','Kursi','Ya'),
('A001','RD002','Kursi','Ya'),
('A001','RD002','Kursi','Ya'),
-- dosen3
('A001','RD003','Lemari','Tidak'),
('A001','RD003','Lemari','Tidak'),
('A001','RD003','Lemari','Tidak'),
('A001','RD003','PC', 'Tidak'),
('A001','RD003','PC', 'Tidak'),
('A001','RD003','PC', 'Tidak'),
('A001','RD003','PC', 'Tidak'),
('A001','RD003','PC', 'Tidak'),
('A001','RD003','PC', 'Tidak'),
('A001','RD003','PC', 'Tidak'),
('A001','RD003','PC', 'Tidak'),
('A001','RD003','PC', 'Tidak'),
('A001','RD003','PC', 'Tidak'),
('A001','RD003','PC', 'Tidak'),
('A001','RD003','PC', 'Tidak'),
('A001','RD003','PC', 'Tidak'),
('A001','RD003','PC', 'Tidak'),
('A001','RD003','PC', 'Tidak'),
('A001','RD003','PC', 'Tidak'),
('A001','RD003','PC', 'Tidak'),
('A001','RD003','PC', 'Tidak'),
('A001','RD003','PC', 'Tidak'),
('A001','RD003','PC', 'Tidak'),
('A001','RD003','Printer', 'Ya'),
('A001','RD003','Printer', 'Ya'),
('A001','RD003','AC','Tidak'),
('A001','RD003','AC','Tidak'),
('A001','RD003','AC','Tidak'),
('A001','RD003','AC','Tidak'),
('A001','RD003','Meja','Ya'),
('A001','RD003','Meja','Ya'),
('A001','RD003','Meja','Ya'),
('A001','RD003','Meja','Ya'),
('A001','RD003','Meja','Ya'),
('A001','RD003','Meja','Ya'),
('A001','RD003','Meja','Ya'),
('A001','RD003','Meja','Ya'),
('A001','RD003','Meja','Ya'),
('A001','RD003','Meja','Ya'),
('A001','RD003','Meja','Ya'),
('A001','RD003','Meja','Ya'),
('A001','RD003','Meja','Ya'),
('A001','RD003','Meja','Ya'),
('A001','RD003','Meja','Ya'),
('A001','RD003','Meja','Ya'),
('A001','RD003','Meja','Ya'),
('A001','RD003','Meja','Ya'),
('A001','RD003','Meja','Ya'),
('A001','RD003','Meja','Ya'),
('A001','RD003','Kursi','Ya'),
('A001','RD003','Kursi','Ya'),
('A001','RD003','Kursi','Ya'),
('A001','RD003','Kursi','Ya'),
('A001','RD003','Kursi','Ya'),
('A001','RD003','Kursi','Ya'),
('A001','RD003','Kursi','Ya'),
('A001','RD003','Kursi','Ya'),
('A001','RD003','Kursi','Ya'),
('A001','RD003','Kursi','Ya'),
('A001','RD003','Kursi','Ya'),
('A001','RD003','Kursi','Ya'),
('A001','RD003','Kursi','Ya'),
('A001','RD003','Kursi','Ya'),
('A001','RD003','Kursi','Ya'),
('A001','RD003','Kursi','Ya'),
('A001','RD003','Kursi','Ya'),
('A001','RD003','Kursi','Ya'),
('A001','RD003','Kursi','Ya'),
('A001','RD003','Kursi','Ya'),
-- dosen4
('A001','RD004','Lemari','Tidak'),
('A001','RD004','Lemari','Tidak'),
('A001','RD004','Lemari','Tidak'),
('A001','RD004','PC', 'Tidak'),
('A001','RD004','PC', 'Tidak'),
('A001','RD004','PC', 'Tidak'),
('A001','RD004','PC', 'Tidak'),
('A001','RD004','PC', 'Tidak'),
('A001','RD004','PC', 'Tidak'),
('A001','RD004','PC', 'Tidak'),
('A001','RD004','PC', 'Tidak'),
('A001','RD004','PC', 'Tidak'),
('A001','RD004','PC', 'Tidak'),
('A001','RD004','PC', 'Tidak'),
('A001','RD004','PC', 'Tidak'),
('A001','RD004','PC', 'Tidak'),
('A001','RD004','PC', 'Tidak'),
('A001','RD004','PC', 'Tidak'),
('A001','RD004','PC', 'Tidak'),
('A001','RD004','PC', 'Tidak'),
('A001','RD004','PC', 'Tidak'),
('A001','RD004','PC', 'Tidak'),
('A001','RD004','PC', 'Tidak'),
('A001','RD004','Printer', 'Ya'),
('A001','RD004','Printer', 'Ya'),
('A001','RD004','AC','Tidak'),
('A001','RD004','AC','Tidak'),
('A001','RD004','AC','Tidak'),
('A001','RD004','AC','Tidak'),
('A001','RD004','Meja','Ya'),
('A001','RD004','Meja','Ya'),
('A001','RD004','Meja','Ya'),
('A001','RD004','Meja','Ya'),
('A001','RD004','Meja','Ya'),
('A001','RD004','Meja','Ya'),
('A001','RD004','Meja','Ya'),
('A001','RD004','Meja','Ya'),
('A001','RD004','Meja','Ya'),
('A001','RD004','Meja','Ya'),
('A001','RD004','Meja','Ya'),
('A001','RD004','Meja','Ya'),
('A001','RD004','Meja','Ya'),
('A001','RD004','Meja','Ya'),
('A001','RD004','Meja','Ya'),
('A001','RD004','Meja','Ya'),
('A001','RD004','Meja','Ya'),
('A001','RD004','Meja','Ya'),
('A001','RD004','Meja','Ya'),
('A001','RD004','Meja','Ya'),
('A001','RD004','Kursi','Ya'),
('A001','RD004','Kursi','Ya'),
('A001','RD004','Kursi','Ya'),
('A001','RD004','Kursi','Ya'),
('A001','RD004','Kursi','Ya'),
('A001','RD004','Kursi','Ya'),
('A001','RD004','Kursi','Ya'),
('A001','RD004','Kursi','Ya'),
('A001','RD004','Kursi','Ya'),
('A001','RD004','Kursi','Ya'),
('A001','RD004','Kursi','Ya'),
('A001','RD004','Kursi','Ya'),
('A001','RD004','Kursi','Ya'),
('A001','RD004','Kursi','Ya'),
('A001','RD004','Kursi','Ya'),
('A001','RD004','Kursi','Ya'),
('A001','RD004','Kursi','Ya'),
('A001','RD004','Kursi','Ya'),
('A001','RD004','Kursi','Ya'),
('A001','RD004','Kursi','Ya'),
-- dosen5
('A001','RD005','Lemari','Tidak'),
('A001','RD005','Lemari','Tidak'),
('A001','RD005','Lemari','Tidak'),
('A001','RD005','PC', 'Tidak'),
('A001','RD005','PC', 'Tidak'),
('A001','RD005','PC', 'Tidak'),
('A001','RD005','PC', 'Tidak'),
('A001','RD005','PC', 'Tidak'),
('A001','RD005','PC', 'Tidak'),
('A001','RD005','PC', 'Tidak'),
('A001','RD005','PC', 'Tidak'),
('A001','RD005','PC', 'Tidak'),
('A001','RD005','PC', 'Tidak'),
('A001','RD005','PC', 'Tidak'),
('A001','RD005','PC', 'Tidak'),
('A001','RD005','PC', 'Tidak'),
('A001','RD005','PC', 'Tidak'),
('A001','RD005','PC', 'Tidak'),
('A001','RD005','PC', 'Tidak'),
('A001','RD005','PC', 'Tidak'),
('A001','RD005','PC', 'Tidak'),
('A001','RD005','PC', 'Tidak'),
('A001','RD005','PC', 'Tidak'),
('A001','RD005','Printer', 'Ya'),
('A001','RD005','Printer', 'Ya'),
('A001','RD005','AC','Tidak'),
('A001','RD005','AC','Tidak'),
('A001','RD005','AC','Tidak'),
('A001','RD005','AC','Tidak'),
('A001','RD005','Meja','Ya'),
('A001','RD005','Meja','Ya'),
('A001','RD005','Meja','Ya'),
('A001','RD005','Meja','Ya'),
('A001','RD005','Meja','Ya'),
('A001','RD005','Meja','Ya'),
('A001','RD005','Meja','Ya'),
('A001','RD005','Meja','Ya'),
('A001','RD005','Meja','Ya'),
('A001','RD005','Meja','Ya'),
('A001','RD005','Meja','Ya'),
('A001','RD005','Meja','Ya'),
('A001','RD005','Meja','Ya'),
('A001','RD005','Meja','Ya'),
('A001','RD005','Meja','Ya'),
('A001','RD005','Meja','Ya'),
('A001','RD005','Meja','Ya'),
('A001','RD005','Meja','Ya'),
('A001','RD005','Meja','Ya'),
('A001','RD005','Meja','Ya'),
('A001','RD005','Kursi','Ya'),
('A001','RD005','Kursi','Ya'),
('A001','RD005','Kursi','Ya'),
('A001','RD005','Kursi','Ya'),
('A001','RD005','Kursi','Ya'),
('A001','RD005','Kursi','Ya'),
('A001','RD005','Kursi','Ya'),
('A001','RD005','Kursi','Ya'),
('A001','RD005','Kursi','Ya'),
('A001','RD005','Kursi','Ya'),
('A001','RD005','Kursi','Ya'),
('A001','RD005','Kursi','Ya'),
('A001','RD005','Kursi','Ya'),
('A001','RD005','Kursi','Ya'),
('A001','RD005','Kursi','Ya'),
('A001','RD005','Kursi','Ya'),
('A001','RD005','Kursi','Ya'),
('A001','RD005','Kursi','Ya'),
('A001','RD005','Kursi','Ya'),
('A001','RD005','Kursi','Ya'),
-- dosen6
('A001','RD006','Lemari','Tidak'),
('A001','RD006','Lemari','Tidak'),
('A001','RD006','Lemari','Tidak'),
('A001','RD006','PC', 'Tidak'),
('A001','RD006','PC', 'Tidak'),
('A001','RD006','PC', 'Tidak'),
('A001','RD006','PC', 'Tidak'),
('A001','RD006','PC', 'Tidak'),
('A001','RD006','PC', 'Tidak'),
('A001','RD006','PC', 'Tidak'),
('A001','RD006','PC', 'Tidak'),
('A001','RD006','PC', 'Tidak'),
('A001','RD006','PC', 'Tidak'),
('A001','RD006','PC', 'Tidak'),
('A001','RD006','PC', 'Tidak'),
('A001','RD006','PC', 'Tidak'),
('A001','RD006','PC', 'Tidak'),
('A001','RD006','PC', 'Tidak'),
('A001','RD006','PC', 'Tidak'),
('A001','RD006','PC', 'Tidak'),
('A001','RD006','PC', 'Tidak'),
('A001','RD006','PC', 'Tidak'),
('A001','RD006','PC', 'Tidak'),
('A001','RD006','Printer', 'Ya'),
('A001','RD006','Printer', 'Ya'),
('A001','RD006','AC','Tidak'),
('A001','RD006','AC','Tidak'),
('A001','RD006','AC','Tidak'),
('A001','RD006','AC','Tidak'),
('A001','RD006','Meja','Ya'),
('A001','RD006','Meja','Ya'),
('A001','RD006','Meja','Ya'),
('A001','RD006','Meja','Ya'),
('A001','RD006','Meja','Ya'),
('A001','RD006','Meja','Ya'),
('A001','RD006','Meja','Ya'),
('A001','RD006','Meja','Ya'),
('A001','RD006','Meja','Ya'),
('A001','RD006','Meja','Ya'),
('A001','RD006','Meja','Ya'),
('A001','RD006','Meja','Ya'),
('A001','RD006','Meja','Ya'),
('A001','RD006','Meja','Ya'),
('A001','RD006','Meja','Ya'),
('A001','RD006','Meja','Ya'),
('A001','RD006','Meja','Ya'),
('A001','RD006','Meja','Ya'),
('A001','RD006','Meja','Ya'),
('A001','RD006','Meja','Ya'),
('A001','RD006','Kursi','Ya'),
('A001','RD006','Kursi','Ya'),
('A001','RD006','Kursi','Ya'),
('A001','RD006','Kursi','Ya'),
('A001','RD006','Kursi','Ya'),
('A001','RD006','Kursi','Ya'),
('A001','RD006','Kursi','Ya'),
('A001','RD006','Kursi','Ya'),
('A001','RD006','Kursi','Ya'),
('A001','RD006','Kursi','Ya'),
('A001','RD006','Kursi','Ya'),
('A001','RD006','Kursi','Ya'),
('A001','RD006','Kursi','Ya'),
('A001','RD006','Kursi','Ya'),
('A001','RD006','Kursi','Ya'),
('A001','RD006','Kursi','Ya'),
('A001','RD006','Kursi','Ya'),
('A001','RD006','Kursi','Ya'),
('A001','RD006','Kursi','Ya'),
('A001','RD006','Kursi','Ya'),
-- Umum
-- toilet
-- toilet1
('A001','RT001','Water Closet', 'Tidak'),
('A001','RT001','Water Closet', 'Tidak'),
('A001','RT001','Water Closet', 'Tidak'),
('A001','RT001','Water Closet', 'Tidak'),
('A001','RT001','Water Closet', 'Tidak'),
('A001','RT001','Water Closet', 'Tidak'),
('A001','RT001','Water Closet', 'Tidak'),
('A001','RT001','Water Closet', 'Tidak'),
('A001','RT001','Keran Air', 'Tidak'),
('A001','RT001','Keran Air', 'Tidak'),
('A001','RT001','Keran Air', 'Tidak'),
('A001','RT001','Keran Air', 'Tidak'),
('A001','RT001','Keran Air', 'Tidak'),
('A001','RT001','Keran Air', 'Tidak'),
('A001','RT001','Keran Air', 'Tidak'),
('A001','RT001','Keran Air', 'Tidak'),
('A001','RT001','Keran Air', 'Tidak'),
('A001','RT001','Keran Air', 'Tidak'),
('A001','RT001','Keran Air', 'Tidak'),
('A001','RT001','Keran Air', 'Tidak'),
('A001','RT001','Ring Holder Tisu', 'Tidak'),
('A001','RT001','Ring Holder Tisu', 'Tidak'),
('A001','RT001','Ring Holder Tisu', 'Tidak'),
('A001','RT001','Ring Holder Tisu', 'Tidak'),
('A001','RT001','Ring Holder Tisu', 'Tidak'),
('A001','RT001','Ring Holder Tisu', 'Tidak'),
('A001','RT001','Ring Holder Tisu', 'Tidak'),
('A001','RT001','Ring Holder Tisu', 'Tidak'),
('A001','RT001','Hand Brush', 'Ya'),
('A001','RT001','Hand Brush', 'Ya'),
('A001','RT001','Gantungan Baju Tempel', 'Tidak'),
('A001','RT001','Gantungan Baju Tempel', 'Tidak'),
('A001','RT001','Gantungan Baju Tempel', 'Tidak'),
('A001','RT001','Gantungan Baju Tempel', 'Tidak'),
('A001','RT001','Gantungan Baju Tempel', 'Tidak'),
('A001','RT001','Gantungan Baju Tempel', 'Tidak'),
('A001','RT001','Gantungan Baju Tempel', 'Tidak'),
('A001','RT001','Gantungan Baju Tempel', 'Tidak'),
-- toilet2
('A001','RT002','Water Closet', 'Tidak'),
('A001','RT002','Water Closet', 'Tidak'),
('A001','RT002','Water Closet', 'Tidak'),
('A001','RT002','Water Closet', 'Tidak'),
('A001','RT002','Water Closet', 'Tidak'),
('A001','RT002','Water Closet', 'Tidak'),
('A001','RT002','Water Closet', 'Tidak'),
('A001','RT002','Water Closet', 'Tidak'),
('A001','RT002','Keran Air', 'Tidak'),
('A001','RT002','Keran Air', 'Tidak'),
('A001','RT002','Keran Air', 'Tidak'),
('A001','RT002','Keran Air', 'Tidak'),
('A001','RT002','Keran Air', 'Tidak'),
('A001','RT002','Keran Air', 'Tidak'),
('A001','RT002','Keran Air', 'Tidak'),
('A001','RT002','Keran Air', 'Tidak'),
('A001','RT002','Keran Air', 'Tidak'),
('A001','RT002','Keran Air', 'Tidak'),
('A001','RT002','Keran Air', 'Tidak'),
('A001','RT002','Keran Air', 'Tidak'),
('A001','RT002','Ring Holder Tisu', 'Tidak'),
('A001','RT002','Ring Holder Tisu', 'Tidak'),
('A001','RT002','Ring Holder Tisu', 'Tidak'),
('A001','RT002','Ring Holder Tisu', 'Tidak'),
('A001','RT002','Ring Holder Tisu', 'Tidak'),
('A001','RT002','Ring Holder Tisu', 'Tidak'),
('A001','RT002','Ring Holder Tisu', 'Tidak'),
('A001','RT002','Ring Holder Tisu', 'Tidak'),
('A001','RT002','Hand Brush', 'Ya'),
('A001','RT002','Hand Brush', 'Ya'),
('A001','RT002','Gantungan Baju Tempel', 'Tidak'),
('A001','RT002','Gantungan Baju Tempel', 'Tidak'),
('A001','RT002','Gantungan Baju Tempel', 'Tidak'),
('A001','RT002','Gantungan Baju Tempel', 'Tidak'),
('A001','RT002','Gantungan Baju Tempel', 'Tidak'),
('A001','RT002','Gantungan Baju Tempel', 'Tidak'),
('A001','RT002','Gantungan Baju Tempel', 'Tidak'),
('A001','RT002','Gantungan Baju Tempel', 'Tidak'),
-- toilet3
('A001','RT003','Water Closet', 'Tidak'),
('A001','RT003','Water Closet', 'Tidak'),
('A001','RT003','Water Closet', 'Tidak'),
('A001','RT003','Water Closet', 'Tidak'),
('A001','RT003','Water Closet', 'Tidak'),
('A001','RT003','Water Closet', 'Tidak'),
('A001','RT003','Water Closet', 'Tidak'),
('A001','RT003','Water Closet', 'Tidak'),
('A001','RT003','Keran Air', 'Tidak'),
('A001','RT003','Keran Air', 'Tidak'),
('A001','RT003','Keran Air', 'Tidak'),
('A001','RT003','Keran Air', 'Tidak'),
('A001','RT003','Keran Air', 'Tidak'),
('A001','RT003','Keran Air', 'Tidak'),
('A001','RT003','Keran Air', 'Tidak'),
('A001','RT003','Keran Air', 'Tidak'),
('A001','RT003','Keran Air', 'Tidak'),
('A001','RT003','Keran Air', 'Tidak'),
('A001','RT003','Keran Air', 'Tidak'),
('A001','RT003','Keran Air', 'Tidak'),
('A001','RT003','Ring Holder Tisu', 'Tidak'),
('A001','RT003','Ring Holder Tisu', 'Tidak'),
('A001','RT003','Ring Holder Tisu', 'Tidak'),
('A001','RT003','Ring Holder Tisu', 'Tidak'),
('A001','RT003','Ring Holder Tisu', 'Tidak'),
('A001','RT003','Ring Holder Tisu', 'Tidak'),
('A001','RT003','Ring Holder Tisu', 'Tidak'),
('A001','RT003','Ring Holder Tisu', 'Tidak'),
('A001','RT003','Hand Brush', 'Ya'),
('A001','RT003','Hand Brush', 'Ya'),
('A001','RT003','Gantungan Baju Tempel', 'Tidak'),
('A001','RT003','Gantungan Baju Tempel', 'Tidak'),
('A001','RT003','Gantungan Baju Tempel', 'Tidak'),
('A001','RT003','Gantungan Baju Tempel', 'Tidak'),
('A001','RT003','Gantungan Baju Tempel', 'Tidak'),
('A001','RT003','Gantungan Baju Tempel', 'Tidak'),
('A001','RT003','Gantungan Baju Tempel', 'Tidak'),
('A001','RT003','Gantungan Baju Tempel', 'Tidak'),
-- aula
-- AULA1
('A001','RA001','Speaker', 'Ya'),
('A001','RA001','Speaker', 'Ya'),
('A001','RA001','Microphone', 'Ya'),
('A001','RA001','Microphone', 'Ya'),
('A001','RA001','Proyektor', 'Ya'),
('A001','RA001','Proyektor', 'Ya'),
('A001','RA001','Layar Proyektor', 'Ya'),
('A001','RA001','Layar Proyektor', 'Ya'),
('A001','RA001','Meja','Ya'),
('A001','RA001','Meja','Ya'),
('A001','RA001','Meja','Ya'),
('A001','RA001','Meja','Ya'),
('A001','RA001','Meja','Ya'),
('A001','RA001','Meja','Ya'),
('A001','RA001','Meja','Ya'),
('A001','RA001','Meja','Ya'),
('A001','RA001','Meja','Ya'),
('A001','RA001','Meja','Ya'),
('A001','RA001','Meja','Ya'),
('A001','RA001','Meja','Ya'),
('A001','RA001','Meja','Ya'),
('A001','RA001','Meja','Ya'),
('A001','RA001','Meja','Ya'),
('A001','RA001','Meja','Ya'),
('A001','RA001','Meja','Ya'),
('A001','RA001','Meja','Ya'),
('A001','RA001','Meja','Ya'),
('A001','RA001','Meja','Ya'),
('A001','RA001','Meja','Ya'),
('A001','RA001','Meja','Ya'),
('A001','RA001','Meja','Ya'),
('A001','RA001','Meja','Ya'),
('A001','RA001','Meja','Ya'),
('A001','RA001','Meja','Ya'),
('A001','RA001','Meja','Ya'),
('A001','RA001','Meja','Ya'),
('A001','RA001','Meja','Ya'),
('A001','RA001','Meja','Ya'),
('A001','RA001','Meja','Ya'),
('A001','RA001','Meja','Ya'),
('A001','RA001','Meja','Ya'),
('A001','RA001','Meja','Ya'),
('A001','RA001','Meja','Ya'),
('A001','RA001','Meja','Ya'),
('A001','RA001','Meja','Ya'),
('A001','RA001','Meja','Ya'),
('A001','RA001','Meja','Ya'),
('A001','RA001','Meja','Ya'),
('A001','RA001','Meja','Ya'),
('A001','RA001','Meja','Ya'),
('A001','RA001','Meja','Ya'),
('A001','RA001','Meja','Ya'),
('A001','RA001','Meja','Ya'),
('A001','RA001','Meja','Ya'),
('A001','RA001','Meja','Ya'),
('A001','RA001','Meja','Ya'),
('A001','RA001','Meja','Ya'),
('A001','RA001','Meja','Ya'),
('A001','RA001','Meja','Ya'),
('A001','RA001','Meja','Ya'),
('A001','RA001','Meja','Ya'),
('A001','RA001','Meja','Ya'),
('A001','RA001','Meja','Ya'),
('A001','RA001','Meja','Ya'),
('A001','RA001','Meja','Ya'),
('A001','RA001','Meja','Ya'),
('A001','RA001','Meja','Ya'),
('A001','RA001','Meja','Ya'),
('A001','RA001','Meja','Ya'),
('A001','RA001','Meja','Ya'),
('A001','RA001','Meja','Ya'),
('A001','RA001','Meja','Ya'),
('A001','RA001','Meja','Ya'),
('A001','RA001','Meja','Ya'),
('A001','RA001','Meja','Ya'),
('A001','RA001','Meja','Ya'),
('A001','RA001','Meja','Ya'),
('A001','RA001','Meja','Ya'),
('A001','RA001','Meja','Ya'),
('A001','RA001','Meja','Ya'),
('A001','RA001','Meja','Ya'),
('A001','RA001','Meja','Ya'),
('A001','RA001','Meja','Ya'),
('A001','RA001','Meja','Ya'),
('A001','RA001','Meja','Ya'),
('A001','RA001','Meja','Ya'),
('A001','RA001','Meja','Ya'),
('A001','RA001','Meja','Ya'),
('A001','RA001','Meja','Ya'),
('A001','RA001','Meja','Ya'),
('A001','RA001','Meja','Ya'),
('A001','RA001','Meja','Ya'),
('A001','RA001','Meja','Ya'),
('A001','RA001','Meja','Ya'),
('A001','RA001','Meja','Ya'),
('A001','RA001','Meja','Ya'),
('A001','RA001','Meja','Ya'),
('A001','RA001','Meja','Ya'),
('A001','RA001','Meja','Ya'),
('A001','RA001','Meja','Ya'),
('A001','RA001','Meja','Ya'),
('A001','RA001','Meja','Ya'),
('A001','RA001','Meja','Ya'),
('A001','RA001','Meja','Ya'),
('A001','RA001','Meja','Ya'),
('A001','RA001','Meja','Ya'),
('A001','RA001','Meja','Ya'),
('A001','RA001','Meja','Ya'),
('A001','RA001','Meja','Ya'),
('A001','RA001','Meja','Ya'),
('A001','RA001','Meja','Ya'),
('A001','RA001','Meja','Ya'),
('A001','RA001','Meja','Ya'),
('A001','RA001','Meja','Ya'),
('A001','RA001','Meja','Ya'),
('A001','RA001','Meja','Ya'),
('A001','RA001','Meja','Ya'),
('A001','RA001','Meja','Ya'),
('A001','RA001','Meja','Ya'),
('A001','RA001','Meja','Ya'),
('A001','RA001','Meja','Ya'),
('A001','RA001','Meja','Ya'),
('A001','RA001','Meja','Ya'),
('A001','RA001','Meja','Ya'),
('A001','RA001','Meja','Ya'),
('A001','RA001','Meja','Ya'),
('A001','RA001','Meja','Ya'),
('A001','RA001','Meja','Ya'),
('A001','RA001','Meja','Ya'),
('A001','RA001','Meja','Ya'),
('A001','RA001','Meja','Ya'),
('A001','RA001','Meja','Ya'),
('A001','RA001','Meja','Ya'),
('A001','RA001','Meja','Ya'),
('A001','RA001','Meja','Ya'),
('A001','RA001','Meja','Ya'),
('A001','RA001','Meja','Ya'),
('A001','RA001','Meja','Ya'),
('A001','RA001','Meja','Ya'),
('A001','RA001','Meja','Ya'),
('A001','RA001','Meja','Ya'),
('A001','RA001','Meja','Ya'),
('A001','RA001','Meja','Ya'),
('A001','RA001','Meja','Ya'),
('A001','RA001','Meja','Ya'),
('A001','RA001','Meja','Ya'),
('A001','RA001','Meja','Ya'),
('A001','RA001','Meja','Ya'),
('A001','RA001','Meja','Ya'),
('A001','RA001','Meja','Ya'),
('A001','RA001','Meja','Ya'),
('A001','RA001','Meja','Ya'),
('A001','RA001','Meja','Ya'),
('A001','RA001','Meja','Ya'),
('A001','RA001','Meja','Ya'),
('A001','RA001','Meja','Ya'),
('A001','RA001','Meja','Ya'),
('A001','RA001','Meja','Ya'),
('A001','RA001','Meja','Ya'),
('A001','RA001','Meja','Ya'),
('A001','RA001','Meja','Ya'),
('A001','RA001','Meja','Ya'),
('A001','RA001','Meja','Ya'),
('A001','RA001','Meja','Ya'),
('A001','RA001','Meja','Ya'),
('A001','RA001','Meja','Ya'),
('A001','RA001','Meja','Ya'),
('A001','RA001','Meja','Ya'),
('A001','RA001','Meja','Ya'),
('A001','RA001','Meja','Ya'),
('A001','RA001','Meja','Ya'),
('A001','RA001','Meja','Ya'),
('A001','RA001','Meja','Ya'),
('A001','RA001','Meja','Ya'),
('A001','RA001','Meja','Ya'),
('A001','RA001','Meja','Ya'),
('A001','RA001','Meja','Ya'),
('A001','RA001','Meja','Ya'),
('A001','RA001','Meja','Ya'),
('A001','RA001','Meja','Ya'),
('A001','RA001','Meja','Ya'),
('A001','RA001','Meja','Ya'),
('A001','RA001','Meja','Ya'),
('A001','RA001','Meja','Ya'),
('A001','RA001','Meja','Ya'),
('A001','RA001','Meja','Ya'),
('A001','RA001','Meja','Ya'),
('A001','RA001','Meja','Ya'),
('A001','RA001','Meja','Ya'),
('A001','RA001','Meja','Ya'),
('A001','RA001','Meja','Ya'),
('A001','RA001','Meja','Ya'),
('A001','RA001','Meja','Ya'),
('A001','RA001','Meja','Ya'),
('A001','RA001','Meja','Ya'),
('A001','RA001','Meja','Ya'),
('A001','RA001','Meja','Ya'),
('A001','RA001','Meja','Ya'),
('A001','RA001','Meja','Ya'),
('A001','RA001','Meja','Ya'),
('A001','RA001','Meja','Ya'),
('A001','RA001','Meja','Ya'),
('A001','RA001','Meja','Ya'),
('A001','RA001','Meja','Ya'),
('A001','RA001','Meja','Ya'),
('A001','RA001','Meja','Ya'),
('A001','RA001','Meja','Ya'),
('A001','RA001','Meja','Ya'),
('A001','RA001','Meja','Ya'),
('A001','RA001','Meja','Ya'),
('A001','RA001','Meja','Ya'),
('A001','RA001','Meja','Ya'),
('A001','RA001','Meja','Ya'),
('A001','RA001','Meja','Ya'),
('A001','RA001','Meja','Ya'),
('A001','RA001','Meja','Ya'),
('A001','RA001','Meja','Ya'),
('A001','RA001','Meja','Ya'),
('A001','RA001','Meja','Ya'),
('A001','RA001','Meja','Ya'),
('A001','RA001','Meja','Ya'),
('A001','RA001','Meja','Ya'),
('A001','RA001','Meja','Ya'),
('A001','RA001','Meja','Ya'),
('A001','RA001','Meja','Ya'),
('A001','RA001','Meja','Ya'),
('A001','RA001','Meja','Ya'),
('A001','RA001','Meja','Ya'),
('A001','RA001','Meja','Ya'),
('A001','RA001','Meja','Ya'),
('A001','RA001','Meja','Ya'),
('A001','RA001','Meja','Ya'),
('A001','RA001','Meja','Ya'),
('A001','RA001','Meja','Ya'),
('A001','RA001','Meja','Ya'),
('A001','RA001','Meja','Ya'),
('A001','RA001','Meja','Ya'),
('A001','RA001','Meja','Ya'),
('A001','RA001','Meja','Ya'),
('A001','RA001','Meja','Ya'),
('A001','RA001','Meja','Ya'),
('A001','RA001','Meja','Ya'),
('A001','RA001','Meja','Ya'),
('A001','RA001','Meja','Ya'),
('A001','RA001','Meja','Ya'),
('A001','RA001','Meja','Ya'),
('A001','RA001','Meja','Ya'),
('A001','RA001','Meja','Ya'),
('A001','RA001','Meja','Ya'),
('A001','RA001','Meja','Ya'),
('A001','RA001','Meja','Ya'),
('A001','RA001','Meja','Ya'),
('A001','RA001','Meja','Ya'),
('A001','RA001','Meja','Ya'),
('A001','RA001','Meja','Ya'),
('A001','RA001','Meja','Ya'),
('A001','RA001','Meja','Ya'),
('A001','RA001','Meja','Ya'),
('A001','RA001','Meja','Ya'),
('A001','RA001','Meja','Ya'),
('A001','RA001','Meja','Ya'),
('A001','RA001','Meja','Ya'),
('A001','RA001','Meja','Ya'),
('A001','RA001','Meja','Ya'),
('A001','RA001','Meja','Ya'),
('A001','RA001','Meja','Ya'),
('A001','RA001','Meja','Ya'),
('A001','RA001','Meja','Ya'),
('A001','RA001','Meja','Ya'),
('A001','RA001','Meja','Ya'),
('A001','RA001','Meja','Ya'),
('A001','RA001','Meja','Ya'),
('A001','RA001','Meja','Ya'),
('A001','RA001','Meja','Ya'),
('A001','RA001','Meja','Ya'),
('A001','RA001','Meja','Ya'),
('A001','RA001','Meja','Ya'),
('A001','RA001','Meja','Ya'),
('A001','RA001','Meja','Ya'),
('A001','RA001','Meja','Ya'),
('A001','RA001','Meja','Ya'),
('A001','RA001','Meja','Ya'),
('A001','RA001','Meja','Ya'),
('A001','RA001','Meja','Ya'),
('A001','RA001','Meja','Ya'),
('A001','RA001','Meja','Ya'),
('A001','RA001','Meja','Ya'),
('A001','RA001','Meja','Ya'),
('A001','RA001','Meja','Ya'),
('A001','RA001','Meja','Ya'),
('A001','RA001','Meja','Ya'),
('A001','RA001','Meja','Ya'),
('A001','RA001','Meja','Ya'),
('A001','RA001','Meja','Ya'),
('A001','RA001','Meja','Ya'),
('A001','RA001','Meja','Ya'),
('A001','RA001','Meja','Ya'),
('A001','RA001','Meja','Ya'),
('A001','RA001','Meja','Ya'),
('A001','RA001','Meja','Ya'),
('A001','RA001','Meja','Ya'),
('A001','RA001','Meja','Ya'),
('A001','RA001','Meja','Ya'),
('A001','RA001','Meja','Ya'),
('A001','RA001','Meja','Ya'),
('A001','RA001','Meja','Ya'),
('A001','RA001','Meja','Ya'),
('A001','RA001','Meja','Ya'),
('A001','RA001','Kursi','Ya'),
('A001','RA001','Kursi','Ya'),
('A001','RA001','Kursi','Ya'),
('A001','RA001','Kursi','Ya'),
('A001','RA001','Kursi','Ya'),
('A001','RA001','Kursi','Ya'),
('A001','RA001','Kursi','Ya'),
('A001','RA001','Kursi','Ya'),
('A001','RA001','Kursi','Ya'),
('A001','RA001','Kursi','Ya'),
('A001','RA001','Kursi','Ya'),
('A001','RA001','Kursi','Ya'),
('A001','RA001','Kursi','Ya'),
('A001','RA001','Kursi','Ya'),
('A001','RA001','Kursi','Ya'),
('A001','RA001','Kursi','Ya'),
('A001','RA001','Kursi','Ya'),
('A001','RA001','Kursi','Ya'),
('A001','RA001','Kursi','Ya'),
('A001','RA001','Kursi','Ya'),
('A001','RA001','Kursi','Ya'),
('A001','RA001','Kursi','Ya'),
('A001','RA001','Kursi','Ya'),
('A001','RA001','Kursi','Ya'),
('A001','RA001','Kursi','Ya'),
('A001','RA001','Kursi','Ya'),
('A001','RA001','Kursi','Ya'),
('A001','RA001','Kursi','Ya'),
('A001','RA001','Kursi','Ya'),
('A001','RA001','Kursi','Ya'),
('A001','RA001','Kursi','Ya'),
('A001','RA001','Kursi','Ya'),
('A001','RA001','Kursi','Ya'),
('A001','RA001','Kursi','Ya'),
('A001','RA001','Kursi','Ya'),
('A001','RA001','Kursi','Ya'),
('A001','RA001','Kursi','Ya'),
('A001','RA001','Kursi','Ya'),
('A001','RA001','Kursi','Ya'),
('A001','RA001','Kursi','Ya'),
('A001','RA001','Kursi','Ya'),
('A001','RA001','Kursi','Ya'),
('A001','RA001','Kursi','Ya'),
('A001','RA001','Kursi','Ya'),
('A001','RA001','Kursi','Ya'),
('A001','RA001','Kursi','Ya'),
('A001','RA001','Kursi','Ya'),
('A001','RA001','Kursi','Ya'),
('A001','RA001','Kursi','Ya'),
('A001','RA001','Kursi','Ya'),
('A001','RA001','Kursi','Ya'),
('A001','RA001','Kursi','Ya'),
('A001','RA001','Kursi','Ya'),
('A001','RA001','Kursi','Ya'),
('A001','RA001','Kursi','Ya'),
('A001','RA001','Kursi','Ya'),
('A001','RA001','Kursi','Ya'),
('A001','RA001','Kursi','Ya'),
('A001','RA001','Kursi','Ya'),
('A001','RA001','Kursi','Ya'),
('A001','RA001','Kursi','Ya'),
('A001','RA001','Kursi','Ya'),
('A001','RA001','Kursi','Ya'),
('A001','RA001','Kursi','Ya'),
('A001','RA001','Kursi','Ya'),
('A001','RA001','Kursi','Ya'),
('A001','RA001','Kursi','Ya'),
('A001','RA001','Kursi','Ya'),
('A001','RA001','Kursi','Ya'),
('A001','RA001','Kursi','Ya'),
('A001','RA001','Kursi','Ya'),
('A001','RA001','Kursi','Ya'),
('A001','RA001','Kursi','Ya'),
('A001','RA001','Kursi','Ya'),
('A001','RA001','Kursi','Ya'),
('A001','RA001','Kursi','Ya'),
('A001','RA001','Kursi','Ya'),
('A001','RA001','Kursi','Ya'),
('A001','RA001','Kursi','Ya'),
('A001','RA001','Kursi','Ya'),
('A001','RA001','Kursi','Ya'),
('A001','RA001','Kursi','Ya'),
('A001','RA001','Kursi','Ya'),
('A001','RA001','Kursi','Ya'),
('A001','RA001','Kursi','Ya'),
('A001','RA001','Kursi','Ya'),
('A001','RA001','Kursi','Ya'),
('A001','RA001','Kursi','Ya'),
('A001','RA001','Kursi','Ya'),
('A001','RA001','Kursi','Ya'),
('A001','RA001','Kursi','Ya'),
('A001','RA001','Kursi','Ya'),
('A001','RA001','Kursi','Ya'),
('A001','RA001','Kursi','Ya'),
('A001','RA001','Kursi','Ya'),
('A001','RA001','Kursi','Ya'),
('A001','RA001','Kursi','Ya'),
('A001','RA001','Kursi','Ya'),
('A001','RA001','Kursi','Ya'),
('A001','RA001','Kursi','Ya'),
('A001','RA001','Kursi','Ya'),
('A001','RA001','Kursi','Ya'),
('A001','RA001','Kursi','Ya'),
('A001','RA001','Kursi','Ya'),
('A001','RA001','Kursi','Ya'),
('A001','RA001','Kursi','Ya'),
('A001','RA001','Kursi','Ya'),
('A001','RA001','Kursi','Ya'),
('A001','RA001','Kursi','Ya'),
('A001','RA001','Kursi','Ya'),
('A001','RA001','Kursi','Ya'),
('A001','RA001','Kursi','Ya'),
('A001','RA001','Kursi','Ya'),
('A001','RA001','Kursi','Ya'),
('A001','RA001','Kursi','Ya'),
('A001','RA001','Kursi','Ya'),
('A001','RA001','Kursi','Ya'),
('A001','RA001','Kursi','Ya'),
('A001','RA001','Kursi','Ya'),
('A001','RA001','Kursi','Ya'),
('A001','RA001','Kursi','Ya'),
('A001','RA001','Kursi','Ya'),
('A001','RA001','Kursi','Ya'),
('A001','RA001','Kursi','Ya'),
('A001','RA001','Kursi','Ya'),
('A001','RA001','Kursi','Ya'),
('A001','RA001','Kursi','Ya'),
('A001','RA001','Kursi','Ya'),
('A001','RA001','Kursi','Ya'),
('A001','RA001','Kursi','Ya'),
('A001','RA001','Kursi','Ya'),
('A001','RA001','Kursi','Ya'),
('A001','RA001','Kursi','Ya'),
('A001','RA001','Kursi','Ya'),
('A001','RA001','Kursi','Ya'),
('A001','RA001','Kursi','Ya'),
('A001','RA001','Kursi','Ya'),
('A001','RA001','Kursi','Ya'),
('A001','RA001','Kursi','Ya'),
('A001','RA001','Kursi','Ya'),
('A001','RA001','Kursi','Ya'),
('A001','RA001','Kursi','Ya'),
('A001','RA001','Kursi','Ya'),
('A001','RA001','Kursi','Ya'),
('A001','RA001','Kursi','Ya'),
('A001','RA001','Kursi','Ya'),
('A001','RA001','Kursi','Ya'),
('A001','RA001','Kursi','Ya'),
('A001','RA001','Kursi','Ya'),
('A001','RA001','Kursi','Ya'),
('A001','RA001','Kursi','Ya'),
('A001','RA001','Kursi','Ya'),
('A001','RA001','Kursi','Ya'),
('A001','RA001','Kursi','Ya'),
('A001','RA001','Kursi','Ya'),
('A001','RA001','Kursi','Ya'),
('A001','RA001','Kursi','Ya'),
('A001','RA001','Kursi','Ya'),
('A001','RA001','Kursi','Ya'),
('A001','RA001','Kursi','Ya'),
('A001','RA001','Kursi','Ya'),
('A001','RA001','Kursi','Ya'),
('A001','RA001','Kursi','Ya'),
('A001','RA001','Kursi','Ya'),
('A001','RA001','Kursi','Ya'),
('A001','RA001','Kursi','Ya'),
('A001','RA001','Kursi','Ya'),
('A001','RA001','Kursi','Ya'),
('A001','RA001','Kursi','Ya'),
('A001','RA001','Kursi','Ya'),
('A001','RA001','Kursi','Ya'),
('A001','RA001','Kursi','Ya'),
('A001','RA001','Kursi','Ya'),
('A001','RA001','Kursi','Ya'),
('A001','RA001','Kursi','Ya'),
('A001','RA001','Kursi','Ya'),
('A001','RA001','Kursi','Ya'),
('A001','RA001','Kursi','Ya'),
('A001','RA001','Kursi','Ya'),
('A001','RA001','Kursi','Ya'),
('A001','RA001','Kursi','Ya'),
('A001','RA001','Kursi','Ya'),
('A001','RA001','Kursi','Ya'),
('A001','RA001','Kursi','Ya'),
('A001','RA001','Kursi','Ya'),
('A001','RA001','Kursi','Ya'),
('A001','RA001','Kursi','Ya'),
('A001','RA001','Kursi','Ya'),
('A001','RA001','Kursi','Ya'),
('A001','RA001','Kursi','Ya'),
('A001','RA001','Kursi','Ya'),
('A001','RA001','Kursi','Ya'),
('A001','RA001','Kursi','Ya'),
('A001','RA001','Kursi','Ya'),
('A001','RA001','Kursi','Ya'),
('A001','RA001','Kursi','Ya'),
('A001','RA001','Kursi','Ya'),
('A001','RA001','Kursi','Ya'),
('A001','RA001','Kursi','Ya'),
('A001','RA001','Kursi','Ya'),
('A001','RA001','Kursi','Ya'),
('A001','RA001','Kursi','Ya'),
('A001','RA001','Kursi','Ya'),
('A001','RA001','Kursi','Ya'),
('A001','RA001','Kursi','Ya'),
('A001','RA001','Kursi','Ya'),
('A001','RA001','Kursi','Ya'),
('A001','RA001','Kursi','Ya'),
('A001','RA001','Kursi','Ya'),
('A001','RA001','Kursi','Ya'),
('A001','RA001','Kursi','Ya'),
('A001','RA001','Kursi','Ya'),
('A001','RA001','Kursi','Ya'),
('A001','RA001','Kursi','Ya'),
('A001','RA001','Kursi','Ya'),
('A001','RA001','Kursi','Ya'),
('A001','RA001','Kursi','Ya'),
('A001','RA001','Kursi','Ya'),
('A001','RA001','Kursi','Ya'),
('A001','RA001','Kursi','Ya'),
('A001','RA001','Kursi','Ya'),
('A001','RA001','Kursi','Ya'),
('A001','RA001','Kursi','Ya'),
('A001','RA001','Kursi','Ya'),
('A001','RA001','Kursi','Ya'),
('A001','RA001','Kursi','Ya'),
('A001','RA001','Kursi','Ya'),
('A001','RA001','Kursi','Ya'),
('A001','RA001','Kursi','Ya'),
('A001','RA001','Kursi','Ya'),
('A001','RA001','Kursi','Ya'),
('A001','RA001','Kursi','Ya'),
('A001','RA001','Kursi','Ya'),
('A001','RA001','Kursi','Ya'),
('A001','RA001','Kursi','Ya'),
('A001','RA001','Kursi','Ya'),
('A001','RA001','Kursi','Ya'),
('A001','RA001','Kursi','Ya'),
('A001','RA001','Kursi','Ya'),
('A001','RA001','Kursi','Ya'),
('A001','RA001','Kursi','Ya'),
('A001','RA001','Kursi','Ya'),
('A001','RA001','Kursi','Ya'),
('A001','RA001','Kursi','Ya'),
('A001','RA001','Kursi','Ya'),
('A001','RA001','Kursi','Ya'),
('A001','RA001','Kursi','Ya'),
('A001','RA001','Kursi','Ya'),
('A001','RA001','Kursi','Ya'),
('A001','RA001','Kursi','Ya'),
('A001','RA001','Kursi','Ya'),
('A001','RA001','Kursi','Ya'),
('A001','RA001','Kursi','Ya'),
('A001','RA001','Kursi','Ya'),
('A001','RA001','Kursi','Ya'),
('A001','RA001','Kursi','Ya'),
('A001','RA001','Kursi','Ya'),
('A001','RA001','Kursi','Ya'),
('A001','RA001','Kursi','Ya'),
('A001','RA001','Kursi','Ya'),
('A001','RA001','Kursi','Ya'),
('A001','RA001','Kursi','Ya'),
('A001','RA001','Kursi','Ya'),
('A001','RA001','Kursi','Ya'),
('A001','RA001','Kursi','Ya'),
('A001','RA001','Kursi','Ya'),
('A001','RA001','Kursi','Ya'),
('A001','RA001','Kursi','Ya'),
('A001','RA001','Kursi','Ya'),
('A001','RA001','Kursi','Ya'),
('A001','RA001','Kursi','Ya'),
('A001','RA001','Kursi','Ya'),
('A001','RA001','Kursi','Ya'),
('A001','RA001','Kursi','Ya'),
('A001','RA001','Kursi','Ya'),
('A001','RA001','Kursi','Ya'),
('A001','RA001','Kursi','Ya'),
('A001','RA001','Kursi','Ya'),
('A001','RA001','Kursi','Ya'),
('A001','RA001','Kursi','Ya'),
('A001','RA001','Kursi','Ya'),
('A001','RA001','Kursi','Ya'),
('A001','RA001','Kursi','Ya'),
('A001','RA001','Kursi','Ya'),
('A001','RA001','Kursi','Ya'),
('A001','RA001','Kursi','Ya'),
('A001','RA001','Kursi','Ya'),
('A001','RA001','Kursi','Ya'),
('A001','RA001','Kursi','Ya'),
('A001','RA001','Kursi','Ya'),
('A001','RA001','Kursi','Ya'),
('A001','RA001','Kursi','Ya'),
('A001','RA001','Kursi','Ya'),
('A001','RA001','Kursi','Ya'),
('A001','RA001','Kursi','Ya'),
('A001','RA001','Kursi','Ya'),
('A001','RA001','Kursi','Ya'),
('A001','RA001','Kursi','Ya'),
('A001','RA001','Kursi','Ya'),
('A001','RA001','Kursi','Ya'),
-- AULA2
('A001','RA002','Speaker', 'Ya'),
('A001','RA002','Speaker', 'Ya'),
('A001','RA002','Microphone', 'Ya'),
('A001','RA002','Microphone', 'Ya'),
('A001','RA002','Proyektor', 'Ya'),
('A001','RA002','Proyektor', 'Ya'),
('A001','RA002','Layar Proyektor', 'Ya'),
('A001','RA002','Layar Proyektor', 'Ya'),
('A001','RA002','Meja','Ya'),
('A001','RA002','Meja','Ya'),
('A001','RA002','Meja','Ya'),
('A001','RA002','Meja','Ya'),
('A001','RA002','Meja','Ya'),
('A001','RA002','Meja','Ya'),
('A001','RA002','Meja','Ya'),
('A001','RA002','Meja','Ya'),
('A001','RA002','Meja','Ya'),
('A001','RA002','Meja','Ya'),
('A001','RA002','Meja','Ya'),
('A001','RA002','Meja','Ya'),
('A001','RA002','Meja','Ya'),
('A001','RA002','Meja','Ya'),
('A001','RA002','Meja','Ya'),
('A001','RA002','Meja','Ya'),
('A001','RA002','Meja','Ya'),
('A001','RA002','Meja','Ya'),
('A001','RA002','Meja','Ya'),
('A001','RA002','Meja','Ya'),
('A001','RA002','Meja','Ya'),
('A001','RA002','Meja','Ya'),
('A001','RA002','Meja','Ya'),
('A001','RA002','Meja','Ya'),
('A001','RA002','Meja','Ya'),
('A001','RA002','Meja','Ya'),
('A001','RA002','Meja','Ya'),
('A001','RA002','Meja','Ya'),
('A001','RA002','Meja','Ya'),
('A001','RA002','Meja','Ya'),
('A001','RA002','Meja','Ya'),
('A001','RA002','Meja','Ya'),
('A001','RA002','Meja','Ya'),
('A001','RA002','Meja','Ya'),
('A001','RA002','Meja','Ya'),
('A001','RA002','Meja','Ya'),
('A001','RA002','Meja','Ya'),
('A001','RA002','Meja','Ya'),
('A001','RA002','Meja','Ya'),
('A001','RA002','Meja','Ya'),
('A001','RA002','Meja','Ya'),
('A001','RA002','Meja','Ya'),
('A001','RA002','Meja','Ya'),
('A001','RA002','Meja','Ya'),
('A001','RA002','Meja','Ya'),
('A001','RA002','Meja','Ya'),
('A001','RA002','Meja','Ya'),
('A001','RA002','Meja','Ya'),
('A001','RA002','Meja','Ya'),
('A001','RA002','Meja','Ya'),
('A001','RA002','Meja','Ya'),
('A001','RA002','Meja','Ya'),
('A001','RA002','Meja','Ya'),
('A001','RA002','Meja','Ya'),
('A001','RA002','Meja','Ya'),
('A001','RA002','Meja','Ya'),
('A001','RA002','Meja','Ya'),
('A001','RA002','Meja','Ya'),
('A001','RA002','Meja','Ya'),
('A001','RA002','Meja','Ya'),
('A001','RA002','Meja','Ya'),
('A001','RA002','Meja','Ya'),
('A001','RA002','Meja','Ya'),
('A001','RA002','Meja','Ya'),
('A001','RA002','Meja','Ya'),
('A001','RA002','Meja','Ya'),
('A001','RA002','Meja','Ya'),
('A001','RA002','Meja','Ya'),
('A001','RA002','Meja','Ya'),
('A001','RA002','Meja','Ya'),
('A001','RA002','Meja','Ya'),
('A001','RA002','Meja','Ya'),
('A001','RA002','Meja','Ya'),
('A001','RA002','Meja','Ya'),
('A001','RA002','Meja','Ya'),
('A001','RA002','Meja','Ya'),
('A001','RA002','Meja','Ya'),
('A001','RA002','Meja','Ya'),
('A001','RA002','Meja','Ya'),
('A001','RA002','Meja','Ya'),
('A001','RA002','Meja','Ya'),
('A001','RA002','Meja','Ya'),
('A001','RA002','Meja','Ya'),
('A001','RA002','Meja','Ya'),
('A001','RA002','Meja','Ya'),
('A001','RA002','Meja','Ya'),
('A001','RA002','Meja','Ya'),
('A001','RA002','Meja','Ya'),
('A001','RA002','Meja','Ya'),
('A001','RA002','Meja','Ya'),
('A001','RA002','Meja','Ya'),
('A001','RA002','Meja','Ya'),
('A001','RA002','Meja','Ya'),
('A001','RA002','Meja','Ya'),
('A001','RA002','Meja','Ya'),
('A001','RA002','Meja','Ya'),
('A001','RA002','Meja','Ya'),
('A001','RA002','Meja','Ya'),
('A001','RA002','Meja','Ya'),
('A001','RA002','Meja','Ya'),
('A001','RA002','Meja','Ya'),
('A001','RA002','Meja','Ya'),
('A001','RA002','Meja','Ya'),
('A001','RA002','Meja','Ya'),
('A001','RA002','Meja','Ya'),
('A001','RA002','Meja','Ya'),
('A001','RA002','Meja','Ya'),
('A001','RA002','Meja','Ya'),
('A001','RA002','Meja','Ya'),
('A001','RA002','Meja','Ya'),
('A001','RA002','Meja','Ya'),
('A001','RA002','Meja','Ya'),
('A001','RA002','Meja','Ya'),
('A001','RA002','Meja','Ya'),
('A001','RA002','Meja','Ya'),
('A001','RA002','Meja','Ya'),
('A001','RA002','Meja','Ya'),
('A001','RA002','Meja','Ya'),
('A001','RA002','Meja','Ya'),
('A001','RA002','Meja','Ya'),
('A001','RA002','Meja','Ya'),
('A001','RA002','Meja','Ya'),
('A001','RA002','Meja','Ya'),
('A001','RA002','Meja','Ya'),
('A001','RA002','Meja','Ya'),
('A001','RA002','Meja','Ya'),
('A001','RA002','Meja','Ya'),
('A001','RA002','Meja','Ya'),
('A001','RA002','Meja','Ya'),
('A001','RA002','Meja','Ya'),
('A001','RA002','Meja','Ya'),
('A001','RA002','Meja','Ya'),
('A001','RA002','Meja','Ya'),
('A001','RA002','Meja','Ya'),
('A001','RA002','Meja','Ya'),
('A001','RA002','Meja','Ya'),
('A001','RA002','Meja','Ya'),
('A001','RA002','Meja','Ya'),
('A001','RA002','Meja','Ya'),
('A001','RA002','Meja','Ya'),
('A001','RA002','Meja','Ya'),
('A001','RA002','Meja','Ya'),
('A001','RA002','Meja','Ya'),
('A001','RA002','Meja','Ya'),
('A001','RA002','Meja','Ya'),
('A001','RA002','Meja','Ya'),
('A001','RA002','Meja','Ya'),
('A001','RA002','Meja','Ya'),
('A001','RA002','Meja','Ya'),
('A001','RA002','Meja','Ya'),
('A001','RA002','Meja','Ya'),
('A001','RA002','Meja','Ya'),
('A001','RA002','Meja','Ya'),
('A001','RA002','Meja','Ya'),
('A001','RA002','Meja','Ya'),
('A001','RA002','Meja','Ya'),
('A001','RA002','Meja','Ya'),
('A001','RA002','Meja','Ya'),
('A001','RA002','Meja','Ya'),
('A001','RA002','Meja','Ya'),
('A001','RA002','Meja','Ya'),
('A001','RA002','Meja','Ya'),
('A001','RA002','Meja','Ya'),
('A001','RA002','Meja','Ya'),
('A001','RA002','Meja','Ya'),
('A001','RA002','Meja','Ya'),
('A001','RA002','Meja','Ya'),
('A001','RA002','Meja','Ya'),
('A001','RA002','Meja','Ya'),
('A001','RA002','Meja','Ya'),
('A001','RA002','Meja','Ya'),
('A001','RA002','Meja','Ya'),
('A001','RA002','Meja','Ya'),
('A001','RA002','Meja','Ya'),
('A001','RA002','Meja','Ya'),
('A001','RA002','Meja','Ya'),
('A001','RA002','Meja','Ya'),
('A001','RA002','Meja','Ya'),
('A001','RA002','Meja','Ya'),
('A001','RA002','Meja','Ya'),
('A001','RA002','Meja','Ya'),
('A001','RA002','Meja','Ya'),
('A001','RA002','Meja','Ya'),
('A001','RA002','Meja','Ya'),
('A001','RA002','Meja','Ya'),
('A001','RA002','Meja','Ya'),
('A001','RA002','Meja','Ya'),
('A001','RA002','Meja','Ya'),
('A001','RA002','Meja','Ya'),
('A001','RA002','Meja','Ya'),
('A001','RA002','Meja','Ya'),
('A001','RA002','Meja','Ya'),
('A001','RA002','Meja','Ya'),
('A001','RA002','Meja','Ya'),
('A001','RA002','Meja','Ya'),
('A001','RA002','Meja','Ya'),
('A001','RA002','Meja','Ya'),
('A001','RA002','Meja','Ya'),
('A001','RA002','Meja','Ya'),
('A001','RA002','Meja','Ya'),
('A001','RA002','Meja','Ya'),
('A001','RA002','Meja','Ya'),
('A001','RA002','Meja','Ya'),
('A001','RA002','Meja','Ya'),
('A001','RA002','Meja','Ya'),
('A001','RA002','Meja','Ya'),
('A001','RA002','Meja','Ya'),
('A001','RA002','Meja','Ya'),
('A001','RA002','Meja','Ya'),
('A001','RA002','Meja','Ya'),
('A001','RA002','Meja','Ya'),
('A001','RA002','Meja','Ya'),
('A001','RA002','Meja','Ya'),
('A001','RA002','Meja','Ya'),
('A001','RA002','Meja','Ya'),
('A001','RA002','Meja','Ya'),
('A001','RA002','Meja','Ya'),
('A001','RA002','Meja','Ya'),
('A001','RA002','Meja','Ya'),
('A001','RA002','Meja','Ya'),
('A001','RA002','Meja','Ya'),
('A001','RA002','Meja','Ya'),
('A001','RA002','Meja','Ya'),
('A001','RA002','Meja','Ya'),
('A001','RA002','Meja','Ya'),
('A001','RA002','Meja','Ya'),
('A001','RA002','Meja','Ya'),
('A001','RA002','Meja','Ya'),
('A001','RA002','Meja','Ya'),
('A001','RA002','Meja','Ya'),
('A001','RA002','Meja','Ya'),
('A001','RA002','Meja','Ya'),
('A001','RA002','Meja','Ya'),
('A001','RA002','Meja','Ya'),
('A001','RA002','Meja','Ya'),
('A001','RA002','Meja','Ya'),
('A001','RA002','Meja','Ya'),
('A001','RA002','Meja','Ya'),
('A001','RA002','Meja','Ya'),
('A001','RA002','Meja','Ya'),
('A001','RA002','Meja','Ya'),
('A001','RA002','Meja','Ya'),
('A001','RA002','Meja','Ya'),
('A001','RA002','Meja','Ya'),
('A001','RA002','Meja','Ya'),
('A001','RA002','Meja','Ya'),
('A001','RA002','Meja','Ya'),
('A001','RA002','Meja','Ya'),
('A001','RA002','Meja','Ya'),
('A001','RA002','Meja','Ya'),
('A001','RA002','Meja','Ya'),
('A001','RA002','Meja','Ya'),
('A001','RA002','Meja','Ya'),
('A001','RA002','Meja','Ya'),
('A001','RA002','Meja','Ya'),
('A001','RA002','Meja','Ya'),
('A001','RA002','Meja','Ya'),
('A001','RA002','Meja','Ya'),
('A001','RA002','Meja','Ya'),
('A001','RA002','Meja','Ya'),
('A001','RA002','Meja','Ya'),
('A001','RA002','Meja','Ya'),
('A001','RA002','Meja','Ya'),
('A001','RA002','Meja','Ya'),
('A001','RA002','Meja','Ya'),
('A001','RA002','Meja','Ya'),
('A001','RA002','Meja','Ya'),
('A001','RA002','Meja','Ya'),
('A001','RA002','Meja','Ya'),
('A001','RA002','Meja','Ya'),
('A001','RA002','Meja','Ya'),
('A001','RA002','Meja','Ya'),
('A001','RA002','Meja','Ya'),
('A001','RA002','Meja','Ya'),
('A001','RA002','Meja','Ya'),
('A001','RA002','Meja','Ya'),
('A001','RA002','Meja','Ya'),
('A001','RA002','Meja','Ya'),
('A001','RA002','Meja','Ya'),
('A001','RA002','Meja','Ya'),
('A001','RA002','Meja','Ya'),
('A001','RA002','Meja','Ya'),
('A001','RA002','Meja','Ya'),
('A001','RA002','Meja','Ya'),
('A001','RA002','Meja','Ya'),
('A001','RA002','Meja','Ya'),
('A001','RA002','Meja','Ya'),
('A001','RA002','Meja','Ya'),
('A001','RA002','Meja','Ya'),
('A001','RA002','Meja','Ya'),
('A001','RA002','Meja','Ya'),
('A001','RA002','Meja','Ya'),
('A001','RA002','Meja','Ya'),
('A001','RA002','Meja','Ya'),
('A001','RA002','Meja','Ya'),
('A001','RA002','Meja','Ya'),
('A001','RA002','Meja','Ya'),
('A001','RA002','Meja','Ya'),
('A001','RA002','Meja','Ya'),
('A001','RA002','Meja','Ya'),
('A001','RA002','Kursi','Ya'),
('A001','RA002','Kursi','Ya'),
('A001','RA002','Kursi','Ya'),
('A001','RA002','Kursi','Ya'),
('A001','RA002','Kursi','Ya'),
('A001','RA002','Kursi','Ya'),
('A001','RA002','Kursi','Ya'),
('A001','RA002','Kursi','Ya'),
('A001','RA002','Kursi','Ya'),
('A001','RA002','Kursi','Ya'),
('A001','RA002','Kursi','Ya'),
('A001','RA002','Kursi','Ya'),
('A001','RA002','Kursi','Ya'),
('A001','RA002','Kursi','Ya'),
('A001','RA002','Kursi','Ya'),
('A001','RA002','Kursi','Ya'),
('A001','RA002','Kursi','Ya'),
('A001','RA002','Kursi','Ya'),
('A001','RA002','Kursi','Ya'),
('A001','RA002','Kursi','Ya'),
('A001','RA002','Kursi','Ya'),
('A001','RA002','Kursi','Ya'),
('A001','RA002','Kursi','Ya'),
('A001','RA002','Kursi','Ya'),
('A001','RA002','Kursi','Ya'),
('A001','RA002','Kursi','Ya'),
('A001','RA002','Kursi','Ya'),
('A001','RA002','Kursi','Ya'),
('A001','RA002','Kursi','Ya'),
('A001','RA002','Kursi','Ya'),
('A001','RA002','Kursi','Ya'),
('A001','RA002','Kursi','Ya'),
('A001','RA002','Kursi','Ya'),
('A001','RA002','Kursi','Ya'),
('A001','RA002','Kursi','Ya'),
('A001','RA002','Kursi','Ya'),
('A001','RA002','Kursi','Ya'),
('A001','RA002','Kursi','Ya'),
('A001','RA002','Kursi','Ya'),
('A001','RA002','Kursi','Ya'),
('A001','RA002','Kursi','Ya'),
('A001','RA002','Kursi','Ya'),
('A001','RA002','Kursi','Ya'),
('A001','RA002','Kursi','Ya'),
('A001','RA002','Kursi','Ya'),
('A001','RA002','Kursi','Ya'),
('A001','RA002','Kursi','Ya'),
('A001','RA002','Kursi','Ya'),
('A001','RA002','Kursi','Ya'),
('A001','RA002','Kursi','Ya'),
('A001','RA002','Kursi','Ya'),
('A001','RA002','Kursi','Ya'),
('A001','RA002','Kursi','Ya'),
('A001','RA002','Kursi','Ya'),
('A001','RA002','Kursi','Ya'),
('A001','RA002','Kursi','Ya'),
('A001','RA002','Kursi','Ya'),
('A001','RA002','Kursi','Ya'),
('A001','RA002','Kursi','Ya'),
('A001','RA002','Kursi','Ya'),
('A001','RA002','Kursi','Ya'),
('A001','RA002','Kursi','Ya'),
('A001','RA002','Kursi','Ya'),
('A001','RA002','Kursi','Ya'),
('A001','RA002','Kursi','Ya'),
('A001','RA002','Kursi','Ya'),
('A001','RA002','Kursi','Ya'),
('A001','RA002','Kursi','Ya'),
('A001','RA002','Kursi','Ya'),
('A001','RA002','Kursi','Ya'),
('A001','RA002','Kursi','Ya'),
('A001','RA002','Kursi','Ya'),
('A001','RA002','Kursi','Ya'),
('A001','RA002','Kursi','Ya'),
('A001','RA002','Kursi','Ya'),
('A001','RA002','Kursi','Ya'),
('A001','RA002','Kursi','Ya'),
('A001','RA002','Kursi','Ya'),
('A001','RA002','Kursi','Ya'),
('A001','RA002','Kursi','Ya'),
('A001','RA002','Kursi','Ya'),
('A001','RA002','Kursi','Ya'),
('A001','RA002','Kursi','Ya'),
('A001','RA002','Kursi','Ya'),
('A001','RA002','Kursi','Ya'),
('A001','RA002','Kursi','Ya'),
('A001','RA002','Kursi','Ya'),
('A001','RA002','Kursi','Ya'),
('A001','RA002','Kursi','Ya'),
('A001','RA002','Kursi','Ya'),
('A001','RA002','Kursi','Ya'),
('A001','RA002','Kursi','Ya'),
('A001','RA002','Kursi','Ya'),
('A001','RA002','Kursi','Ya'),
('A001','RA002','Kursi','Ya'),
('A001','RA002','Kursi','Ya'),
('A001','RA002','Kursi','Ya'),
('A001','RA002','Kursi','Ya'),
('A001','RA002','Kursi','Ya'),
('A001','RA002','Kursi','Ya'),
('A001','RA002','Kursi','Ya'),
('A001','RA002','Kursi','Ya'),
('A001','RA002','Kursi','Ya'),
('A001','RA002','Kursi','Ya'),
('A001','RA002','Kursi','Ya'),
('A001','RA002','Kursi','Ya'),
('A001','RA002','Kursi','Ya'),
('A001','RA002','Kursi','Ya'),
('A001','RA002','Kursi','Ya'),
('A001','RA002','Kursi','Ya'),
('A001','RA002','Kursi','Ya'),
('A001','RA002','Kursi','Ya'),
('A001','RA002','Kursi','Ya'),
('A001','RA002','Kursi','Ya'),
('A001','RA002','Kursi','Ya'),
('A001','RA002','Kursi','Ya'),
('A001','RA002','Kursi','Ya'),
('A001','RA002','Kursi','Ya'),
('A001','RA002','Kursi','Ya'),
('A001','RA002','Kursi','Ya'),
('A001','RA002','Kursi','Ya'),
('A001','RA002','Kursi','Ya'),
('A001','RA002','Kursi','Ya'),
('A001','RA002','Kursi','Ya'),
('A001','RA002','Kursi','Ya'),
('A001','RA002','Kursi','Ya'),
('A001','RA002','Kursi','Ya'),
('A001','RA002','Kursi','Ya'),
('A001','RA002','Kursi','Ya'),
('A001','RA002','Kursi','Ya'),
('A001','RA002','Kursi','Ya'),
('A001','RA002','Kursi','Ya'),
('A001','RA002','Kursi','Ya'),
('A001','RA002','Kursi','Ya'),
('A001','RA002','Kursi','Ya'),
('A001','RA002','Kursi','Ya'),
('A001','RA002','Kursi','Ya'),
('A001','RA002','Kursi','Ya'),
('A001','RA002','Kursi','Ya'),
('A001','RA002','Kursi','Ya'),
('A001','RA002','Kursi','Ya'),
('A001','RA002','Kursi','Ya'),
('A001','RA002','Kursi','Ya'),
('A001','RA002','Kursi','Ya'),
('A001','RA002','Kursi','Ya'),
('A001','RA002','Kursi','Ya'),
('A001','RA002','Kursi','Ya'),
('A001','RA002','Kursi','Ya'),
('A001','RA002','Kursi','Ya'),
('A001','RA002','Kursi','Ya'),
('A001','RA002','Kursi','Ya'),
('A001','RA002','Kursi','Ya'),
('A001','RA002','Kursi','Ya'),
('A001','RA002','Kursi','Ya'),
('A001','RA002','Kursi','Ya'),
('A001','RA002','Kursi','Ya'),
('A001','RA002','Kursi','Ya'),
('A001','RA002','Kursi','Ya'),
('A001','RA002','Kursi','Ya'),
('A001','RA002','Kursi','Ya'),
('A001','RA002','Kursi','Ya'),
('A001','RA002','Kursi','Ya'),
('A001','RA002','Kursi','Ya'),
('A001','RA002','Kursi','Ya'),
('A001','RA002','Kursi','Ya'),
('A001','RA002','Kursi','Ya'),
('A001','RA002','Kursi','Ya'),
('A001','RA002','Kursi','Ya'),
('A001','RA002','Kursi','Ya'),
('A001','RA002','Kursi','Ya'),
('A001','RA002','Kursi','Ya'),
('A001','RA002','Kursi','Ya'),
('A001','RA002','Kursi','Ya'),
('A001','RA002','Kursi','Ya'),
('A001','RA002','Kursi','Ya'),
('A001','RA002','Kursi','Ya'),
('A001','RA002','Kursi','Ya'),
('A001','RA002','Kursi','Ya'),
('A001','RA002','Kursi','Ya'),
('A001','RA002','Kursi','Ya'),
('A001','RA002','Kursi','Ya'),
('A001','RA002','Kursi','Ya'),
('A001','RA002','Kursi','Ya'),
('A001','RA002','Kursi','Ya'),
('A001','RA002','Kursi','Ya'),
('A001','RA002','Kursi','Ya'),
('A001','RA002','Kursi','Ya'),
('A001','RA002','Kursi','Ya'),
('A001','RA002','Kursi','Ya'),
('A001','RA002','Kursi','Ya'),
('A001','RA002','Kursi','Ya'),
('A001','RA002','Kursi','Ya'),
('A001','RA002','Kursi','Ya'),
('A001','RA002','Kursi','Ya'),
('A001','RA002','Kursi','Ya'),
('A001','RA002','Kursi','Ya'),
('A001','RA002','Kursi','Ya'),
('A001','RA002','Kursi','Ya'),
('A001','RA002','Kursi','Ya'),
('A001','RA002','Kursi','Ya'),
('A001','RA002','Kursi','Ya'),
('A001','RA002','Kursi','Ya'),
('A001','RA002','Kursi','Ya'),
('A001','RA002','Kursi','Ya'),
('A001','RA002','Kursi','Ya'),
('A001','RA002','Kursi','Ya'),
('A001','RA002','Kursi','Ya'),
('A001','RA002','Kursi','Ya'),
('A001','RA002','Kursi','Ya'),
('A001','RA002','Kursi','Ya'),
('A001','RA002','Kursi','Ya'),
('A001','RA002','Kursi','Ya'),
('A001','RA002','Kursi','Ya'),
('A001','RA002','Kursi','Ya'),
('A001','RA002','Kursi','Ya'),
('A001','RA002','Kursi','Ya'),
('A001','RA002','Kursi','Ya'),
('A001','RA002','Kursi','Ya'),
('A001','RA002','Kursi','Ya'),
('A001','RA002','Kursi','Ya'),
('A001','RA002','Kursi','Ya'),
('A001','RA002','Kursi','Ya'),
('A001','RA002','Kursi','Ya'),
('A001','RA002','Kursi','Ya'),
('A001','RA002','Kursi','Ya'),
('A001','RA002','Kursi','Ya'),
('A001','RA002','Kursi','Ya'),
('A001','RA002','Kursi','Ya'),
('A001','RA002','Kursi','Ya'),
('A001','RA002','Kursi','Ya'),
('A001','RA002','Kursi','Ya'),
('A001','RA002','Kursi','Ya'),
('A001','RA002','Kursi','Ya'),
('A001','RA002','Kursi','Ya'),
('A001','RA002','Kursi','Ya'),
('A001','RA002','Kursi','Ya'),
('A001','RA002','Kursi','Ya'),
('A001','RA002','Kursi','Ya'),
('A001','RA002','Kursi','Ya'),
('A001','RA002','Kursi','Ya'),
('A001','RA002','Kursi','Ya'),
('A001','RA002','Kursi','Ya'),
('A001','RA002','Kursi','Ya'),
('A001','RA002','Kursi','Ya'),
('A001','RA002','Kursi','Ya'),
('A001','RA002','Kursi','Ya'),
('A001','RA002','Kursi','Ya'),
('A001','RA002','Kursi','Ya'),
('A001','RA002','Kursi','Ya'),
('A001','RA002','Kursi','Ya'),
('A001','RA002','Kursi','Ya'),
('A001','RA002','Kursi','Ya'),
('A001','RA002','Kursi','Ya'),
('A001','RA002','Kursi','Ya'),
('A001','RA002','Kursi','Ya'),
('A001','RA002','Kursi','Ya'),
('A001','RA002','Kursi','Ya'),
('A001','RA002','Kursi','Ya'),
('A001','RA002','Kursi','Ya'),
('A001','RA002','Kursi','Ya'),
('A001','RA002','Kursi','Ya'),
('A001','RA002','Kursi','Ya'),
('A001','RA002','Kursi','Ya'),
('A001','RA002','Kursi','Ya'),
('A001','RA002','Kursi','Ya'),
('A001','RA002','Kursi','Ya'),
('A001','RA002','Kursi','Ya'),
('A001','RA002','Kursi','Ya'),
('A001','RA002','Kursi','Ya'),
('A001','RA002','Kursi','Ya'),
('A001','RA002','Kursi','Ya'),
('A001','RA002','Kursi','Ya'),
('A001','RA002','Kursi','Ya'),
('A001','RA002','Kursi','Ya'),
('A001','RA002','Kursi','Ya'),
('A001','RA002','Kursi','Ya'),
('A001','RA002','Kursi','Ya'),
('A001','RA002','Kursi','Ya'),
('A001','RA002','Kursi','Ya'),
('A001','RA002','Kursi','Ya'),
('A001','RA002','Kursi','Ya'),
('A001','RA002','Kursi','Ya'),
('A001','RA002','Kursi','Ya'),
('A001','RA002','Kursi','Ya'),
('A001','RA002','Kursi','Ya'),
('A001','RA002','Kursi','Ya'),
('A001','RA002','Kursi','Ya'),
('A001','RA002','Kursi','Ya'),
('A001','RA002','Kursi','Ya'),
('A001','RA002','Kursi','Ya'),
('A001','RA002','Kursi','Ya'),
('A001','RA002','Kursi','Ya'),
('A001','RA002','Kursi','Ya'),
('A001','RA002','Kursi','Ya'),
('A001','RA002','Kursi','Ya'),
('A001','RA002','Kursi','Ya'),
('A001','RA002','Kursi','Ya'),
('A001','RA002','Kursi','Ya'),
('A001','RA002','Kursi','Ya'),
('A001','RA002','Kursi','Ya'),
-- AULA3
('A001','RA003','Speaker', 'Ya'),
('A001','RA003','Speaker', 'Ya'),
('A001','RA003','Microphone', 'Ya'),
('A001','RA003','Microphone', 'Ya'),
('A001','RA003','Proyektor', 'Ya'),
('A001','RA003','Proyektor', 'Ya'),
('A001','RA003','Layar Proyektor', 'Ya'),
('A001','RA003','Layar Proyektor', 'Ya'),
('A001','RA003','Meja','Ya'),
('A001','RA003','Meja','Ya'),
('A001','RA003','Meja','Ya'),
('A001','RA003','Meja','Ya'),
('A001','RA003','Meja','Ya'),
('A001','RA003','Meja','Ya'),
('A001','RA003','Meja','Ya'),
('A001','RA003','Meja','Ya'),
('A001','RA003','Meja','Ya'),
('A001','RA003','Meja','Ya'),
('A001','RA003','Meja','Ya'),
('A001','RA003','Meja','Ya'),
('A001','RA003','Meja','Ya'),
('A001','RA003','Meja','Ya'),
('A001','RA003','Meja','Ya'),
('A001','RA003','Meja','Ya'),
('A001','RA003','Meja','Ya'),
('A001','RA003','Meja','Ya'),
('A001','RA003','Meja','Ya'),
('A001','RA003','Meja','Ya'),
('A001','RA003','Meja','Ya'),
('A001','RA003','Meja','Ya'),
('A001','RA003','Meja','Ya'),
('A001','RA003','Meja','Ya'),
('A001','RA003','Meja','Ya'),
('A001','RA003','Meja','Ya'),
('A001','RA003','Meja','Ya'),
('A001','RA003','Meja','Ya'),
('A001','RA003','Meja','Ya'),
('A001','RA003','Meja','Ya'),
('A001','RA003','Meja','Ya'),
('A001','RA003','Meja','Ya'),
('A001','RA003','Meja','Ya'),
('A001','RA003','Meja','Ya'),
('A001','RA003','Meja','Ya'),
('A001','RA003','Meja','Ya'),
('A001','RA003','Meja','Ya'),
('A001','RA003','Meja','Ya'),
('A001','RA003','Meja','Ya'),
('A001','RA003','Meja','Ya'),
('A001','RA003','Meja','Ya'),
('A001','RA003','Meja','Ya'),
('A001','RA003','Meja','Ya'),
('A001','RA003','Meja','Ya'),
('A001','RA003','Meja','Ya'),
('A001','RA003','Meja','Ya'),
('A001','RA003','Meja','Ya'),
('A001','RA003','Meja','Ya'),
('A001','RA003','Meja','Ya'),
('A001','RA003','Meja','Ya'),
('A001','RA003','Meja','Ya'),
('A001','RA003','Meja','Ya'),
('A001','RA003','Meja','Ya'),
('A001','RA003','Meja','Ya'),
('A001','RA003','Meja','Ya'),
('A001','RA003','Meja','Ya'),
('A001','RA003','Meja','Ya'),
('A001','RA003','Meja','Ya'),
('A001','RA003','Meja','Ya'),
('A001','RA003','Meja','Ya'),
('A001','RA003','Meja','Ya'),
('A001','RA003','Meja','Ya'),
('A001','RA003','Meja','Ya'),
('A001','RA003','Meja','Ya'),
('A001','RA003','Meja','Ya'),
('A001','RA003','Meja','Ya'),
('A001','RA003','Meja','Ya'),
('A001','RA003','Meja','Ya'),
('A001','RA003','Meja','Ya'),
('A001','RA003','Meja','Ya'),
('A001','RA003','Meja','Ya'),
('A001','RA003','Meja','Ya'),
('A001','RA003','Meja','Ya'),
('A001','RA003','Meja','Ya'),
('A001','RA003','Meja','Ya'),
('A001','RA003','Meja','Ya'),
('A001','RA003','Meja','Ya'),
('A001','RA003','Meja','Ya'),
('A001','RA003','Meja','Ya'),
('A001','RA003','Meja','Ya'),
('A001','RA003','Meja','Ya'),
('A001','RA003','Meja','Ya'),
('A001','RA003','Meja','Ya'),
('A001','RA003','Meja','Ya'),
('A001','RA003','Meja','Ya'),
('A001','RA003','Meja','Ya'),
('A001','RA003','Meja','Ya'),
('A001','RA003','Meja','Ya'),
('A001','RA003','Meja','Ya'),
('A001','RA003','Meja','Ya'),
('A001','RA003','Meja','Ya'),
('A001','RA003','Meja','Ya'),
('A001','RA003','Meja','Ya'),
('A001','RA003','Meja','Ya'),
('A001','RA003','Meja','Ya'),
('A001','RA003','Meja','Ya'),
('A001','RA003','Meja','Ya'),
('A001','RA003','Meja','Ya'),
('A001','RA003','Meja','Ya'),
('A001','RA003','Meja','Ya'),
('A001','RA003','Meja','Ya'),
('A001','RA003','Meja','Ya'),
('A001','RA003','Meja','Ya'),
('A001','RA003','Meja','Ya'),
('A001','RA003','Meja','Ya'),
('A001','RA003','Meja','Ya'),
('A001','RA003','Meja','Ya'),
('A001','RA003','Meja','Ya'),
('A001','RA003','Meja','Ya'),
('A001','RA003','Meja','Ya'),
('A001','RA003','Meja','Ya'),
('A001','RA003','Meja','Ya'),
('A001','RA003','Meja','Ya'),
('A001','RA003','Meja','Ya'),
('A001','RA003','Meja','Ya'),
('A001','RA003','Meja','Ya'),
('A001','RA003','Meja','Ya'),
('A001','RA003','Meja','Ya'),
('A001','RA003','Meja','Ya'),
('A001','RA003','Meja','Ya'),
('A001','RA003','Meja','Ya'),
('A001','RA003','Meja','Ya'),
('A001','RA003','Meja','Ya'),
('A001','RA003','Meja','Ya'),
('A001','RA003','Meja','Ya'),
('A001','RA003','Meja','Ya'),
('A001','RA003','Meja','Ya'),
('A001','RA003','Meja','Ya'),
('A001','RA003','Meja','Ya'),
('A001','RA003','Meja','Ya'),
('A001','RA003','Meja','Ya'),
('A001','RA003','Meja','Ya'),
('A001','RA003','Meja','Ya'),
('A001','RA003','Meja','Ya'),
('A001','RA003','Meja','Ya'),
('A001','RA003','Meja','Ya'),
('A001','RA003','Meja','Ya'),
('A001','RA003','Meja','Ya'),
('A001','RA003','Meja','Ya'),
('A001','RA003','Meja','Ya'),
('A001','RA003','Meja','Ya'),
('A001','RA003','Meja','Ya'),
('A001','RA003','Meja','Ya'),
('A001','RA003','Meja','Ya'),
('A001','RA003','Meja','Ya'),
('A001','RA003','Meja','Ya'),
('A001','RA003','Meja','Ya'),
('A001','RA003','Meja','Ya'),
('A001','RA003','Meja','Ya'),
('A001','RA003','Meja','Ya'),
('A001','RA003','Meja','Ya'),
('A001','RA003','Meja','Ya'),
('A001','RA003','Meja','Ya'),
('A001','RA003','Meja','Ya'),
('A001','RA003','Meja','Ya'),
('A001','RA003','Meja','Ya'),
('A001','RA003','Meja','Ya'),
('A001','RA003','Meja','Ya'),
('A001','RA003','Meja','Ya'),
('A001','RA003','Meja','Ya'),
('A001','RA003','Meja','Ya'),
('A001','RA003','Meja','Ya'),
('A001','RA003','Meja','Ya'),
('A001','RA003','Meja','Ya'),
('A001','RA003','Meja','Ya'),
('A001','RA003','Meja','Ya'),
('A001','RA003','Meja','Ya'),
('A001','RA003','Meja','Ya'),
('A001','RA003','Meja','Ya'),
('A001','RA003','Meja','Ya'),
('A001','RA003','Meja','Ya'),
('A001','RA003','Meja','Ya'),
('A001','RA003','Meja','Ya'),
('A001','RA003','Meja','Ya'),
('A001','RA003','Meja','Ya'),
('A001','RA003','Meja','Ya'),
('A001','RA003','Meja','Ya'),
('A001','RA003','Meja','Ya'),
('A001','RA003','Meja','Ya'),
('A001','RA003','Meja','Ya'),
('A001','RA003','Meja','Ya'),
('A001','RA003','Meja','Ya'),
('A001','RA003','Meja','Ya'),
('A001','RA003','Meja','Ya'),
('A001','RA003','Meja','Ya'),
('A001','RA003','Meja','Ya'),
('A001','RA003','Meja','Ya'),
('A001','RA003','Meja','Ya'),
('A001','RA003','Meja','Ya'),
('A001','RA003','Meja','Ya'),
('A001','RA003','Meja','Ya'),
('A001','RA003','Meja','Ya'),
('A001','RA003','Meja','Ya'),
('A001','RA003','Meja','Ya'),
('A001','RA003','Meja','Ya'),
('A001','RA003','Meja','Ya'),
('A001','RA003','Meja','Ya'),
('A001','RA003','Meja','Ya'),
('A001','RA003','Meja','Ya'),
('A001','RA003','Meja','Ya'),
('A001','RA003','Meja','Ya'),
('A001','RA003','Meja','Ya'),
('A001','RA003','Meja','Ya'),
('A001','RA003','Meja','Ya'),
('A001','RA003','Meja','Ya'),
('A001','RA003','Meja','Ya'),
('A001','RA003','Meja','Ya'),
('A001','RA003','Meja','Ya'),
('A001','RA003','Meja','Ya'),
('A001','RA003','Meja','Ya'),
('A001','RA003','Meja','Ya'),
('A001','RA003','Meja','Ya'),
('A001','RA003','Meja','Ya'),
('A001','RA003','Meja','Ya'),
('A001','RA003','Meja','Ya'),
('A001','RA003','Meja','Ya'),
('A001','RA003','Meja','Ya'),
('A001','RA003','Meja','Ya'),
('A001','RA003','Meja','Ya'),
('A001','RA003','Meja','Ya'),
('A001','RA003','Meja','Ya'),
('A001','RA003','Meja','Ya'),
('A001','RA003','Meja','Ya'),
('A001','RA003','Meja','Ya'),
('A001','RA003','Meja','Ya'),
('A001','RA003','Meja','Ya'),
('A001','RA003','Meja','Ya'),
('A001','RA003','Meja','Ya'),
('A001','RA003','Meja','Ya'),
('A001','RA003','Meja','Ya'),
('A001','RA003','Meja','Ya'),
('A001','RA003','Meja','Ya'),
('A001','RA003','Meja','Ya'),
('A001','RA003','Meja','Ya'),
('A001','RA003','Meja','Ya'),
('A001','RA003','Meja','Ya'),
('A001','RA003','Meja','Ya'),
('A001','RA003','Meja','Ya'),
('A001','RA003','Meja','Ya'),
('A001','RA003','Meja','Ya'),
('A001','RA003','Meja','Ya'),
('A001','RA003','Meja','Ya'),
('A001','RA003','Meja','Ya'),
('A001','RA003','Meja','Ya'),
('A001','RA003','Meja','Ya'),
('A001','RA003','Meja','Ya'),
('A001','RA003','Meja','Ya'),
('A001','RA003','Meja','Ya'),
('A001','RA003','Meja','Ya'),
('A001','RA003','Meja','Ya'),
('A001','RA003','Meja','Ya'),
('A001','RA003','Meja','Ya'),
('A001','RA003','Meja','Ya'),
('A001','RA003','Meja','Ya'),
('A001','RA003','Meja','Ya'),
('A001','RA003','Meja','Ya'),
('A001','RA003','Meja','Ya'),
('A001','RA003','Meja','Ya'),
('A001','RA003','Meja','Ya'),
('A001','RA003','Meja','Ya'),
('A001','RA003','Meja','Ya'),
('A001','RA003','Meja','Ya'),
('A001','RA003','Meja','Ya'),
('A001','RA003','Meja','Ya'),
('A001','RA003','Meja','Ya'),
('A001','RA003','Meja','Ya'),
('A001','RA003','Meja','Ya'),
('A001','RA003','Meja','Ya'),
('A001','RA003','Meja','Ya'),
('A001','RA003','Meja','Ya'),
('A001','RA003','Meja','Ya'),
('A001','RA003','Meja','Ya'),
('A001','RA003','Meja','Ya'),
('A001','RA003','Meja','Ya'),
('A001','RA003','Meja','Ya'),
('A001','RA003','Meja','Ya'),
('A001','RA003','Meja','Ya'),
('A001','RA003','Meja','Ya'),
('A001','RA003','Meja','Ya'),
('A001','RA003','Meja','Ya'),
('A001','RA003','Meja','Ya'),
('A001','RA003','Meja','Ya'),
('A001','RA003','Meja','Ya'),
('A001','RA003','Meja','Ya'),
('A001','RA003','Meja','Ya'),
('A001','RA003','Meja','Ya'),
('A001','RA003','Meja','Ya'),
('A001','RA003','Meja','Ya'),
('A001','RA003','Meja','Ya'),
('A001','RA003','Meja','Ya'),
('A001','RA003','Meja','Ya'),
('A001','RA003','Meja','Ya'),
('A001','RA003','Meja','Ya'),
('A001','RA003','Meja','Ya'),
('A001','RA003','Meja','Ya'),
('A001','RA003','Meja','Ya'),
('A001','RA003','Meja','Ya'),
('A001','RA003','Meja','Ya'),
('A001','RA003','Meja','Ya'),
('A001','RA003','Meja','Ya'),
('A001','RA003','Kursi','Ya'),
('A001','RA003','Kursi','Ya'),
('A001','RA003','Kursi','Ya'),
('A001','RA003','Kursi','Ya'),
('A001','RA003','Kursi','Ya'),
('A001','RA003','Kursi','Ya'),
('A001','RA003','Kursi','Ya'),
('A001','RA003','Kursi','Ya'),
('A001','RA003','Kursi','Ya'),
('A001','RA003','Kursi','Ya'),
('A001','RA003','Kursi','Ya'),
('A001','RA003','Kursi','Ya'),
('A001','RA003','Kursi','Ya'),
('A001','RA003','Kursi','Ya'),
('A001','RA003','Kursi','Ya'),
('A001','RA003','Kursi','Ya'),
('A001','RA003','Kursi','Ya'),
('A001','RA003','Kursi','Ya'),
('A001','RA003','Kursi','Ya'),
('A001','RA003','Kursi','Ya'),
('A001','RA003','Kursi','Ya'),
('A001','RA003','Kursi','Ya'),
('A001','RA003','Kursi','Ya'),
('A001','RA003','Kursi','Ya'),
('A001','RA003','Kursi','Ya'),
('A001','RA003','Kursi','Ya'),
('A001','RA003','Kursi','Ya'),
('A001','RA003','Kursi','Ya'),
('A001','RA003','Kursi','Ya'),
('A001','RA003','Kursi','Ya'),
('A001','RA003','Kursi','Ya'),
('A001','RA003','Kursi','Ya'),
('A001','RA003','Kursi','Ya'),
('A001','RA003','Kursi','Ya'),
('A001','RA003','Kursi','Ya'),
('A001','RA003','Kursi','Ya'),
('A001','RA003','Kursi','Ya'),
('A001','RA003','Kursi','Ya'),
('A001','RA003','Kursi','Ya'),
('A001','RA003','Kursi','Ya'),
('A001','RA003','Kursi','Ya'),
('A001','RA003','Kursi','Ya'),
('A001','RA003','Kursi','Ya'),
('A001','RA003','Kursi','Ya'),
('A001','RA003','Kursi','Ya'),
('A001','RA003','Kursi','Ya'),
('A001','RA003','Kursi','Ya'),
('A001','RA003','Kursi','Ya'),
('A001','RA003','Kursi','Ya'),
('A001','RA003','Kursi','Ya'),
('A001','RA003','Kursi','Ya'),
('A001','RA003','Kursi','Ya'),
('A001','RA003','Kursi','Ya'),
('A001','RA003','Kursi','Ya'),
('A001','RA003','Kursi','Ya'),
('A001','RA003','Kursi','Ya'),
('A001','RA003','Kursi','Ya'),
('A001','RA003','Kursi','Ya'),
('A001','RA003','Kursi','Ya'),
('A001','RA003','Kursi','Ya'),
('A001','RA003','Kursi','Ya'),
('A001','RA003','Kursi','Ya'),
('A001','RA003','Kursi','Ya'),
('A001','RA003','Kursi','Ya'),
('A001','RA003','Kursi','Ya'),
('A001','RA003','Kursi','Ya'),
('A001','RA003','Kursi','Ya'),
('A001','RA003','Kursi','Ya'),
('A001','RA003','Kursi','Ya'),
('A001','RA003','Kursi','Ya'),
('A001','RA003','Kursi','Ya'),
('A001','RA003','Kursi','Ya'),
('A001','RA003','Kursi','Ya'),
('A001','RA003','Kursi','Ya'),
('A001','RA003','Kursi','Ya'),
('A001','RA003','Kursi','Ya'),
('A001','RA003','Kursi','Ya'),
('A001','RA003','Kursi','Ya'),
('A001','RA003','Kursi','Ya'),
('A001','RA003','Kursi','Ya'),
('A001','RA003','Kursi','Ya'),
('A001','RA003','Kursi','Ya'),
('A001','RA003','Kursi','Ya'),
('A001','RA003','Kursi','Ya'),
('A001','RA003','Kursi','Ya'),
('A001','RA003','Kursi','Ya'),
('A001','RA003','Kursi','Ya'),
('A001','RA003','Kursi','Ya'),
('A001','RA003','Kursi','Ya'),
('A001','RA003','Kursi','Ya'),
('A001','RA003','Kursi','Ya'),
('A001','RA003','Kursi','Ya'),
('A001','RA003','Kursi','Ya'),
('A001','RA003','Kursi','Ya'),
('A001','RA003','Kursi','Ya'),
('A001','RA003','Kursi','Ya'),
('A001','RA003','Kursi','Ya'),
('A001','RA003','Kursi','Ya'),
('A001','RA003','Kursi','Ya'),
('A001','RA003','Kursi','Ya'),
('A001','RA003','Kursi','Ya'),
('A001','RA003','Kursi','Ya'),
('A001','RA003','Kursi','Ya'),
('A001','RA003','Kursi','Ya'),
('A001','RA003','Kursi','Ya'),
('A001','RA003','Kursi','Ya'),
('A001','RA003','Kursi','Ya'),
('A001','RA003','Kursi','Ya'),
('A001','RA003','Kursi','Ya'),
('A001','RA003','Kursi','Ya'),
('A001','RA003','Kursi','Ya'),
('A001','RA003','Kursi','Ya'),
('A001','RA003','Kursi','Ya'),
('A001','RA003','Kursi','Ya'),
('A001','RA003','Kursi','Ya'),
('A001','RA003','Kursi','Ya'),
('A001','RA003','Kursi','Ya'),
('A001','RA003','Kursi','Ya'),
('A001','RA003','Kursi','Ya'),
('A001','RA003','Kursi','Ya'),
('A001','RA003','Kursi','Ya'),
('A001','RA003','Kursi','Ya'),
('A001','RA003','Kursi','Ya'),
('A001','RA003','Kursi','Ya'),
('A001','RA003','Kursi','Ya'),
('A001','RA003','Kursi','Ya'),
('A001','RA003','Kursi','Ya'),
('A001','RA003','Kursi','Ya'),
('A001','RA003','Kursi','Ya'),
('A001','RA003','Kursi','Ya'),
('A001','RA003','Kursi','Ya'),
('A001','RA003','Kursi','Ya'),
('A001','RA003','Kursi','Ya'),
('A001','RA003','Kursi','Ya'),
('A001','RA003','Kursi','Ya'),
('A001','RA003','Kursi','Ya'),
('A001','RA003','Kursi','Ya'),
('A001','RA003','Kursi','Ya'),
('A001','RA003','Kursi','Ya'),
('A001','RA003','Kursi','Ya'),
('A001','RA003','Kursi','Ya'),
('A001','RA003','Kursi','Ya'),
('A001','RA003','Kursi','Ya'),
('A001','RA003','Kursi','Ya'),
('A001','RA003','Kursi','Ya'),
('A001','RA003','Kursi','Ya'),
('A001','RA003','Kursi','Ya'),
('A001','RA003','Kursi','Ya'),
('A001','RA003','Kursi','Ya'),
('A001','RA003','Kursi','Ya'),
('A001','RA003','Kursi','Ya'),
('A001','RA003','Kursi','Ya'),
('A001','RA003','Kursi','Ya'),
('A001','RA003','Kursi','Ya'),
('A001','RA003','Kursi','Ya'),
('A001','RA003','Kursi','Ya'),
('A001','RA003','Kursi','Ya'),
('A001','RA003','Kursi','Ya'),
('A001','RA003','Kursi','Ya'),
('A001','RA003','Kursi','Ya'),
('A001','RA003','Kursi','Ya'),
('A001','RA003','Kursi','Ya'),
('A001','RA003','Kursi','Ya'),
('A001','RA003','Kursi','Ya'),
('A001','RA003','Kursi','Ya'),
('A001','RA003','Kursi','Ya'),
('A001','RA003','Kursi','Ya'),
('A001','RA003','Kursi','Ya'),
('A001','RA003','Kursi','Ya'),
('A001','RA003','Kursi','Ya'),
('A001','RA003','Kursi','Ya'),
('A001','RA003','Kursi','Ya'),
('A001','RA003','Kursi','Ya'),
('A001','RA003','Kursi','Ya'),
('A001','RA003','Kursi','Ya'),
('A001','RA003','Kursi','Ya'),
('A001','RA003','Kursi','Ya'),
('A001','RA003','Kursi','Ya'),
('A001','RA003','Kursi','Ya'),
('A001','RA003','Kursi','Ya'),
('A001','RA003','Kursi','Ya'),
('A001','RA003','Kursi','Ya'),
('A001','RA003','Kursi','Ya'),
('A001','RA003','Kursi','Ya'),
('A001','RA003','Kursi','Ya'),
('A001','RA003','Kursi','Ya'),
('A001','RA003','Kursi','Ya'),
('A001','RA003','Kursi','Ya'),
('A001','RA003','Kursi','Ya'),
('A001','RA003','Kursi','Ya'),
('A001','RA003','Kursi','Ya'),
('A001','RA003','Kursi','Ya'),
('A001','RA003','Kursi','Ya'),
('A001','RA003','Kursi','Ya'),
('A001','RA003','Kursi','Ya'),
('A001','RA003','Kursi','Ya'),
('A001','RA003','Kursi','Ya'),
('A001','RA003','Kursi','Ya'),
('A001','RA003','Kursi','Ya'),
('A001','RA003','Kursi','Ya'),
('A001','RA003','Kursi','Ya'),
('A001','RA003','Kursi','Ya'),
('A001','RA003','Kursi','Ya'),
('A001','RA003','Kursi','Ya'),
('A001','RA003','Kursi','Ya'),
('A001','RA003','Kursi','Ya'),
('A001','RA003','Kursi','Ya'),
('A001','RA003','Kursi','Ya'),
('A001','RA003','Kursi','Ya'),
('A001','RA003','Kursi','Ya'),
('A001','RA003','Kursi','Ya'),
('A001','RA003','Kursi','Ya'),
('A001','RA003','Kursi','Ya'),
('A001','RA003','Kursi','Ya'),
('A001','RA003','Kursi','Ya'),
('A001','RA003','Kursi','Ya'),
('A001','RA003','Kursi','Ya'),
('A001','RA003','Kursi','Ya'),
('A001','RA003','Kursi','Ya'),
('A001','RA003','Kursi','Ya'),
('A001','RA003','Kursi','Ya'),
('A001','RA003','Kursi','Ya'),
('A001','RA003','Kursi','Ya'),
('A001','RA003','Kursi','Ya'),
('A001','RA003','Kursi','Ya'),
('A001','RA003','Kursi','Ya'),
('A001','RA003','Kursi','Ya'),
('A001','RA003','Kursi','Ya'),
('A001','RA003','Kursi','Ya'),
('A001','RA003','Kursi','Ya'),
('A001','RA003','Kursi','Ya'),
('A001','RA003','Kursi','Ya'),
('A001','RA003','Kursi','Ya'),
('A001','RA003','Kursi','Ya'),
('A001','RA003','Kursi','Ya'),
('A001','RA003','Kursi','Ya'),
('A001','RA003','Kursi','Ya'),
('A001','RA003','Kursi','Ya'),
('A001','RA003','Kursi','Ya'),
('A001','RA003','Kursi','Ya'),
('A001','RA003','Kursi','Ya'),
('A001','RA003','Kursi','Ya'),
('A001','RA003','Kursi','Ya'),
('A001','RA003','Kursi','Ya'),
('A001','RA003','Kursi','Ya'),
('A001','RA003','Kursi','Ya'),
('A001','RA003','Kursi','Ya'),
('A001','RA003','Kursi','Ya'),
('A001','RA003','Kursi','Ya'),
('A001','RA003','Kursi','Ya'),
('A001','RA003','Kursi','Ya'),
('A001','RA003','Kursi','Ya'),
('A001','RA003','Kursi','Ya'),
('A001','RA003','Kursi','Ya'),
('A001','RA003','Kursi','Ya'),
('A001','RA003','Kursi','Ya'),
('A001','RA003','Kursi','Ya'),
('A001','RA003','Kursi','Ya'),
('A001','RA003','Kursi','Ya'),
('A001','RA003','Kursi','Ya'),
('A001','RA003','Kursi','Ya'),
('A001','RA003','Kursi','Ya'),
('A001','RA003','Kursi','Ya'),
('A001','RA003','Kursi','Ya'),
('A001','RA003','Kursi','Ya'),
('A001','RA003','Kursi','Ya'),
('A001','RA003','Kursi','Ya'),
('A001','RA003','Kursi','Ya'),
('A001','RA003','Kursi','Ya'),
('A001','RA003','Kursi','Ya'),
('A001','RA003','Kursi','Ya'),
('A001','RA003','Kursi','Ya'),
('A001','RA003','Kursi','Ya'),
('A001','RA003','Kursi','Ya'),
('A001','RA003','Kursi','Ya'),
('A001','RA003','Kursi','Ya'),
('A001','RA003','Kursi','Ya'),
('A001','RA003','Kursi','Ya'),
('A001','RA003','Kursi','Ya'),
('A001','RA003','Kursi','Ya'),
('A001','RA003','Kursi','Ya'),
('A001','RA003','Kursi','Ya'),
('A001','RA003','Kursi','Ya'),
('A001','RA003','Kursi','Ya'),
('A001','RA003','Kursi','Ya'),
('A001','RA003','Kursi','Ya'),
('A001','RA003','Kursi','Ya'),
('A001','RA003','Kursi','Ya'),
('A001','RA003','Kursi','Ya'),
('A001','RA003','Kursi','Ya'),
('A001','RA003','Kursi','Ya'),
('A001','RA003','Kursi','Ya'),
('A001','RA003','Kursi','Ya'),
('A001','RA003','Kursi','Ya'),
('A001','RA003','Kursi','Ya'),
('A001','RA003','Kursi','Ya'),
('A001','RA003','Kursi','Ya'),
('A001','RA003','Kursi','Ya'),
('A001','RA003','Kursi','Ya'),
('A001','RA003','Kursi','Ya');

create table kelayakan(
    id_check varchar(5) not null primary key,
    id_aset varchar(5) not null,
    foreign key(id_aset) references peralatan(id_aset),
    id_petugas varchar(4) not null,
    foreign key(id_petugas) references petugas(id_petugas),
    -- usia varchar(10) not null,
    tgl_check_terakhir date not null,
    status_aset varchar(10) not null
);

insert into kelayakan values
('CK001','A001','P002','05-07-2021','Layak'),
('CK002','A002','P005','06-02-2021','Layak');

create table peminjaman(
    id_peminjaman varchar(5) not null primary key,
    id_peminjam varchar(8) not null,
    foreign key(id_peminjam) references peminjam(id_peminjam),
    id_aset varchar(5) not null,
    foreign key(id_aset) references peralatan(id_aset),
    tgl_keluar date not null,
    tgl_kembali date not null,
    keterangan varchar(100)
);

insert into peminjaman values
('PA001','1924512','A001','06-07-2021','06-08-2021','');