insert into gedung values
('G001','FPMIPA A'),
('G002','FPMIPA B'),
('G003','FPMIPA C');

insert into petugas values
('P001','Bagas Gunadi'),
('P002','Yokky Ramadhan'),
('P003','Afif Hanafiah'),
('P004','Majid Maulana'),
('P005','Fakhri Oktovian');

insert into departemen values
('D001','Departemen Pendidikan Ilmu Komputer'),
('D002','Departemen Pendidikan Matematika'),
('D003','Departemen Pendidikan Kimia'),
('D004','Departemen Pendidikan Fisika'),
('D005','Departemen Pendidikan Biologi'),
('D006','Departemen International Program on Science Education');

insert into peminjam values
('2000952','Ghifari Octaverin','D001'),
('1931234','Rylandi Saputra','D004'),
('1924512','Zidane Maulana','D002'),
('1841245','Raffi Hidayah','D005'),
('2086956','Ahmad Ramadhan','D003');

insert into ruangan values
('RK001','G001','D002','Ruang Kelas','9m x 8m',40),
('RK002','G001','D002','Ruang Kelas','15m x 13m',50),
('RK003','G001','D004','Ruang Kelas','10m x 8m',40),
('RK004','G001','D004','Ruang Kelas','12m x 10m',45),
('RK005','G001','D006','Ruang Kelas','15m x 13m',50),
('RK006','G001','D006','Ruang Kelas','12m x 10m',45),
('RK007','G002','D003','Ruang Kelas','9m x 8m',40),
('RK008','G002','D003','Ruang Kelas','10m x 8m',40),
('RK009','G002','D005','Ruang Kelas','12m x 10m',45),
('RK010','G002','D005','Ruang Kelas','9m x 8m',40),
('RK011','G003','D001','Ruang Kelas','15m x 13m',50),
('RK012','G003','D001','Ruang Kelas','10m x 8m',40),
('RD001','G001','D002','Ruang Dosen','15m x 12m',30),
('RD002','G001','D004','Ruang Dosen','13m x 11m',25),
('RD003','G001','D006','Ruang Dosen','12m x 10m',20),
('RD004','G002','D003','Ruang Dosen','13m x 11m',25),
('RD005','G002','D005','Ruang Dosen','15m x 12m',30),
('RD006','G003','D001','Ruang Dosen','12m x 10m',20),
('RA001','G001',null,'Ruang Umum','45m x 30m',200),
('RA002','G001',null,'Ruang Umum','50m x 40m',250),
('RA003','G001',null,'Ruang Umum','30m x 25m',150),
('RL001','G001',null,'Ruang Umum','12m x 10m',40),
('RL002','G002',null,'Ruang umum','13m x 11m',40),
('RL003','G003',null,'Ruang Umum','14m x 12m',45),
('RT001','G001',null,'Ruang Umum','8m x 6m',8),
('RT002','G002',null,'Ruang Umum','9m x 6m',10),
('RT003','G003',null,'Ruang umum','8m x 7m',9);

insert into jadwal_ruang values
('JK001','RK011','Senin','07:00:00','09:30:00','ILKOM C1',''),
('JK002','RK011','Senin','13:00:00','15:30:00','PILKOM B',''),
('JK003','RK011','Selasa','08:40:00','10:00:00','ILKOM C2',''),
('JK004','RK011','Selasa','14:30:00','16:00:00','PILKOM A',''),
('JK005','RK011','Rabu','09:30:00','12:00:00','ILKOM C1',''),
('JK006','RK011','Rabu','13:00:00','14:30:00','PILKOM B',''),
('JK007','RK011','Kamis','08:00:00','09:30:00','ILKOM C2',''),
('JK008','RK011','Kamis','10:00:00','11:30:00','PILKOM A',''),
('JK009','RK011','Jumat','07:30:00','10:00:00','ILKOM C1',''),
('JK010','RK011','Jumat','13:00:00','14:30:00','PILKOM B',''),
('JK011','RK012','Senin','07:00:00','09:30:00','ILKOM C2',''),
('JK012','RK012','Senin','13:00:00','15:30:00','PILKOM A',''),
('JK013','RK012','Selasa','08:40:00','10:00:00','ILKOM C1',''),
('JK014','RK012','Selasa','14:30:00','16:00:00','PILKOM B',''),
('JK015','RK012','Rabu','09:30:00','12:00:00','ILKOM C2',''),
('JK016','RK012','Rabu','13:00:00','14:30:00','PILKOM A',''),
('JK017','RK012','Kamis','08:00:00','09:30:00','ILKOM C1',''),
('JK018','RK012','Kamis','10:00:00','11:30:00','PILKOM B',''),
('JK019','RK012','Jumat','07:30:00','10:00:00','ILKOM C2',''),
('JK020','RK012','Jumat','13:00:00','14:30:00','PILKOM A',''),
('JK021','RK001','Senin','07:00:00','09:30:00','MATEMATIKA A',''),
('JK022','RK001','Senin','13:00:00','15:30:00','P. MATEMATIKA B',''),
('JK023','RK001','Selasa','08:40:00','10:00:00','MATEMATIKA B',''),
('JK024','RK001','Selasa','14:30:00','16:00:00','P. MATEMATIKA A',''),
('JK025','RK001','Rabu','09:30:00','12:00:00','MATEMATIKA A',''),
('JK026','RK001','Rabu','13:00:00','14:30:00','P. MATEMATIKA B',''),
('JK027','RK001','Kamis','08:00:00','09:30:00','MATEMATIKA B',''),
('JK028','RK001','Kamis','10:00:00','11:30:00','P. MATEMATIKA A',''),
('JK029','RK001','Jumat','07:30:00','10:00:00','MATEMATIKA A',''),
('JK030','RK001','Jumat','13:00:00','14:30:00','P. MATEMATIKA B',''),
('JK031','RK002','Senin','07:00:00','09:30:00','MATEMATIKA A',''),
('JK032','RK002','Senin','13:00:00','15:30:00','P. MATEMATIKA B',''),
('JK033','RK002','Selasa','08:40:00','10:00:00','MATEMATIKA B',''),
('JK034','RK002','Selasa','14:30:00','16:00:00','P. MATEMATIKA A',''),
('JK035','RK002','Rabu','09:30:00','12:00:00','MATEMATIKA A',''),
('JK036','RK002','Rabu','13:00:00','14:30:00','P. MATEMATIKA B',''),
('JK037','RK002','Kamis','08:00:00','09:30:00','MATEMATIKA B',''),
('JK038','RK002','Kamis','10:00:00','11:30:00','P. MATEMATIKA A',''),
('JK039','RK002','Jumat','07:30:00','10:00:00','MATEMATIKA A',''),
('JK040','RK002','Jumat','13:00:00','14:30:00','P. MATEMATIKA B',''),
('JK041','RK003','Senin','07:00:00','09:30:00','FISIKA A',''),
('JK042','RK003','Senin','13:00:00','15:30:00','P. FISIKA B',''),
('JK043','RK003','Selasa','08:40:00','10:00:00','FISIKA B',''),
('JK044','RK003','Selasa','14:30:00','16:00:00','P. FISIKA A',''),
('JK045','RK003','Rabu','09:30:00','12:00:00','FISIKA A',''),
('JK046','RK003','Rabu','13:00:00','14:30:00','P. FISIKA B',''),
('JK047','RK003','Kamis','08:00:00','09:30:00','FISIKA B',''),
('JK048','RK003','Kamis','10:00:00','11:30:00','P. FISIKA A',''),
('JK049','RK003','Jumat','07:30:00','10:00:00','FISIKA A',''),
('JK050','RK003','Jumat','13:00:00','14:30:00','P. FISIKA B',''),
('JK051','RK004','Senin','07:00:00','09:30:00','FISIKA A',''),
('JK052','RK004','Senin','13:00:00','15:30:00','P. FISIKA B',''),
('JK053','RK004','Selasa','08:40:00','10:00:00','FISIKA B',''),
('JK054','RK004','Selasa','14:30:00','16:00:00','P. FISIKA A',''),
('JK055','RK004','Rabu','09:30:00','12:00:00','FISIKA A',''),
('JK056','RK004','Rabu','13:00:00','14:30:00','P. FISIKA B',''),
('JK057','RK004','Kamis','08:00:00','09:30:00','FISIKA B',''),
('JK058','RK004','Kamis','10:00:00','11:30:00','P. FISIKA A',''),
('JK059','RK004','Jumat','07:30:00','10:00:00','FISIKA A',''),
('JK060','RK004','Jumat','13:00:00','14:30:00','P. FISIKA B',''),
('JK061','RK005','Senin','07:00:00','09:30:00','IPSE A',''),
('JK062','RK005','Senin','13:00:00','15:30:00','IPSE A',''),
('JK063','RK005','Selasa','08:40:00','10:00:00','IPSE A',''),
('JK064','RK005','Selasa','14:30:00','16:00:00','IPSE A',''),
('JK065','RK005','Rabu','09:30:00','12:00:00','IPSE A',''),
('JK066','RK005','Rabu','13:00:00','14:30:00','IPSE A',''),
('JK067','RK005','Kamis','08:00:00','09:30:00','IPSE A',''),
('JK068','RK005','Kamis','10:00:00','11:30:00','IPSE A',''),
('JK069','RK005','Jumat','07:30:00','10:00:00','IPSE A',''),
('JK070','RK005','Jumat','13:00:00','14:30:00','IPSE A',''),
('JK071','RK006','Senin','07:00:00','09:30:00','IPSE A',''),
('JK072','RK006','Senin','13:00:00','15:30:00','IPSE A',''),
('JK073','RK006','Selasa','08:40:00','10:00:00','IPSE A',''),
('JK074','RK006','Selasa','14:30:00','16:00:00','IPSE A',''),
('JK075','RK006','Rabu','09:30:00','12:00:00','IPSE A',''),
('JK076','RK006','Rabu','13:00:00','14:30:00','IPSE A',''),
('JK077','RK006','Kamis','08:00:00','09:30:00','IPSE A',''),
('JK078','RK006','Kamis','10:00:00','11:30:00','IPSE A',''),
('JK079','RK006','Jumat','07:30:00','10:00:00','IPSE A',''),
('JK080','RK006','Jumat','13:00:00','14:30:00','IPSE A',''),
('JK081','RK007','Senin','07:00:00','09:30:00','KIMIA A',''),
('JK082','RK007','Senin','13:00:00','15:30:00','P. KIMIA B',''),
('JK083','RK007','Selasa','08:40:00','10:00:00','KIMIA B',''),
('JK084','RK007','Selasa','14:30:00','16:00:00','P. KIMIA A',''),
('JK085','RK007','Rabu','09:30:00','12:00:00','KIMIA A',''),
('JK086','RK007','Rabu','13:00:00','14:30:00','P. KIMIA B',''),
('JK087','RK007','Kamis','08:00:00','09:30:00','KIMIA B',''),
('JK088','RK007','Kamis','10:00:00','11:30:00','P. KIMIA A',''),
('JK089','RK007','Jumat','07:30:00','10:00:00','KIMIA A',''),
('JK090','RK007','Jumat','13:00:00','14:30:00','P. KIMIA B',''),
('JK091','RK008','Senin','07:00:00','09:30:00','KIMIA A',''),
('JK092','RK008','Senin','13:00:00','15:30:00','P. KIMIA B',''),
('JK093','RK008','Selasa','08:40:00','10:00:00','KIMIA B',''),
('JK094','RK008','Selasa','14:30:00','16:00:00','P. KIMIA A',''),
('JK095','RK008','Rabu','09:30:00','12:00:00','KIMIA A',''),
('JK096','RK008','Rabu','13:00:00','14:30:00','P. KIMIA B',''),
('JK097','RK008','Kamis','08:00:00','09:30:00','KIMIA B',''),
('JK098','RK008','Kamis','10:00:00','11:30:00','P. KIMIA A',''),
('JK099','RK008','Jumat','07:30:00','10:00:00','KIMIA A',''),
('JK100','RK008','Jumat','13:00:00','14:30:00','P. KIMIA B',''),
('JK101','RK009','Senin','07:00:00','09:30:00','BIOLOGI A',''),
('JK102','RK009','Senin','13:00:00','15:30:00','P. BIOLOGI B',''),
('JK103','RK009','Selasa','08:40:00','10:00:00','BIOLOGI B',''),
('JK104','RK009','Selasa','14:30:00','16:00:00','P. BIOLOGI A',''),
('JK105','RK009','Rabu','09:30:00','12:00:00','BIOLOGI A',''),
('JK106','RK009','Rabu','13:00:00','14:30:00','P. BIOLOGI B',''),
('JK107','RK009','Kamis','08:00:00','09:30:00','BIOLOGI B',''),
('JK108','RK009','Kamis','10:00:00','11:30:00','P. BIOLOGI A',''),
('JK109','RK009','Jumat','07:30:00','10:00:00','BIOLOGI A',''),
('JK110','RK009','Jumat','13:00:00','14:30:00','P. BIOLOGI B',''),
('JK111','RK010','Senin','07:00:00','09:30:00','BIOLOGI A',''),
('JK112','RK010','Senin','13:00:00','15:30:00','P. BIOLOGI B',''),
('JK113','RK010','Selasa','08:40:00','10:00:00','BIOLOGI B',''),
('JK114','RK010','Selasa','14:30:00','16:00:00','P. BIOLOGI A',''),
('JK115','RK010','Rabu','09:30:00','12:00:00','BIOLOGI A',''),
('JK116','RK010','Rabu','13:00:00','14:30:00','P. BIOLOGI B',''),
('JK117','RK010','Kamis','08:00:00','09:30:00','BIOLOGI B',''),
('JK118','RK010','Kamis','10:00:00','11:30:00','P. BIOLOGI A',''),
('JK119','RK010','Jumat','07:30:00','10:00:00','BIOLOGI A',''),
('JK120','RK010','Jumat','13:00:00','14:30:00','P. BIOLOGI B','');

insert into peralatan values
('A001','RK011','Speaker','Ya'),
('A002','RK011','Proyektor','Ya'),
('A003','RK011','Papan Tulis','Tidak'),
('A004','RK011','Penghapus Papan Tulis','Ya'),
('A005','RK011','Lemari','Tidak'),
('A006','RK011','Floor Broom','Ya'),
('A007','RK011','Dust Pan','Ya'),
('A008','RK011','Stick Mop','Ya'),
('A009','RK011','Kemoceng','Ya'),
('A010','RK011','AC','Tidak'),
('A011','RK011','AC','Tidak'),
('A012','RK011','Meja','Ya'),
('A013','RK011','Kursi','Ya'),
('A014','RK011','Kursi','Ya'),
('A015','RK011','Kursi','Ya'),
('A016','RK011','Kursi','Ya'),
('A017','RK011','Kursi','Ya'),
('A018','RK011','Kursi','Ya'),
('A019','RK011','Kursi','Ya'),
('A020','RK011','Kursi','Ya'),
('A021','RK011','Kursi','Ya'),
('A022','RK011','Kursi','Ya'),
('A023','RK011','Kursi','Ya'),
('A024','RK011','Kursi','Ya'),
('A025','RK011','Kursi','Ya'),
('A026','RK011','Kursi','Ya'),
('A027','RK011','Kursi','Ya'),
('A028','RK011','Kursi','Ya'),
('A029','RK011','Kursi','Ya'),
('A030','RK011','Kursi','Ya'),
('A031','RK011','Kursi','Ya'),
('A032','RK011','Kursi','Ya'),
('A033','RK011','Kursi','Ya'),
('A034','RK011','Kursi','Ya'),
('A035','RK011','Kursi','Ya'),
('A036','RK011','Kursi','Ya'),
('A037','RK011','Kursi','Ya'),
('A038','RK011','Kursi','Ya'),
('A039','RK011','Kursi','Ya'),
('A040','RK011','Kursi','Ya'),
('A041','RK011','Kursi','Ya'),
('A042','RK011','Kursi','Ya'),
('A043','RK011','Kursi','Ya'),
('A044','RK011','Kursi','Ya'),
('A045','RK011','Kursi','Ya'),
('A046','RK011','Kursi','Ya'),
('A047','RK011','Kursi','Ya'),
('A048','RK011','Kursi','Ya'),
('A049','RK011','Kursi','Ya'),
('A050','RK011','Kursi','Ya'),
('A051','RK011','Kursi','Ya'),
('A052','RK011','Kursi','Ya'),
('A053','RK011','Kursi','Ya'),
('A054','RK012','Speaker','Ya'),
('A055','RK012','Proyektor','Ya'),
('A056','RK012','Papan Tulis','Tidak'),
('A057','RK012','Penghapus Papan Tulis','Ya'),
('A058','RK012','Lemari','Tidak'),
('A059','RK012','Floor Broom','Ya'),
('A060','RK012','Dust Pan','Ya'),
('A061','RK012','Stick Mop','Ya'),
('A062','RK012','Kemoceng','Ya'),
('A063','RK012','AC','Tidak'),
('A064','RK012','AC','Tidak'),
('A065','RK012','Meja','Ya'),
('A066','RK012','Kursi','Ya'),
('A067','RK012','Kursi','Ya'),
('A068','RK012','Kursi','Ya'),
('A069','RK012','Kursi','Ya'),
('A070','RK012','Kursi','Ya'),
('A071','RK012','Kursi','Ya'),
('A072','RK012','Kursi','Ya'),
('A073','RK012','Kursi','Ya'),
('A074','RK012','Kursi','Ya'),
('A075','RK012','Kursi','Ya'),
('A076','RK012','Kursi','Ya'),
('A077','RK012','Kursi','Ya'),
('A078','RK012','Kursi','Ya'),
('A079','RK012','Kursi','Ya'),
('A080','RK012','Kursi','Ya'),
('A081','RK012','Kursi','Ya'),
('A082','RK012','Kursi','Ya'),
('A083','RK012','Kursi','Ya'),
('A084','RK012','Kursi','Ya'),
('A085','RK012','Kursi','Ya'),
('A086','RK012','Kursi','Ya'),
('A087','RK012','Kursi','Ya'),
('A088','RK012','Kursi','Ya'),
('A089','RK012','Kursi','Ya'),
('A090','RK012','Kursi','Ya'),
('A091','RK012','Kursi','Ya'),
('A092','RK012','Kursi','Ya'),
('A093','RK012','Kursi','Ya'),
('A094','RK012','Kursi','Ya'),
('A095','RK012','Kursi','Ya'),
('A096','RK012','Kursi','Ya'),
('A097','RK012','Kursi','Ya'),
('A098','RK012','Kursi','Ya'),
('A099','RK012','Kursi','Ya'),
('A100','RK012','Kursi','Ya'),
('A101','RK012','Kursi','Ya'),
('A102','RK012','Kursi','Ya'),
('A103','RK012','Kursi','Ya'),
('A104','RK012','Kursi','Ya'),
('A105','RK012','Kursi','Ya'),
('A106','RK012','Kursi','Ya'),
('A107','RK012','Kursi','Ya'),
('A108','RK012','Kursi','Ya'),
('A109','RK012','Kursi','Ya'),
('A110','RK012','Kursi','Ya'),
('A111','RK012','Kursi','Ya'),
('A112','RK012','Kursi','Ya'),
('A113','RK012','Kursi','Ya'),
('A114','RK012','Kursi','Ya'),
('A115','RK012','Kursi','Ya'),
('A116','RK012','Kursi','Ya'),
('A117','RD006','Lemari','Tidak'),
('A118','RD006','Lemari','Tidak'),
('A119','RD006','Lemari','Tidak'),
('A120','RD006','PC', 'Tidak'),
('A121','RD006','PC', 'Tidak'),
('A122','RD006','PC', 'Tidak'),
('A123','RD006','PC', 'Tidak'),
('A124','RD006','PC', 'Tidak'),
('A125','RD006','PC', 'Tidak'),
('A126','RD006','PC', 'Tidak'),
('A127','RD006','PC', 'Tidak'),
('A128','RD006','PC', 'Tidak'),
('A129','RD006','PC', 'Tidak'),
('A130','RD006','PC', 'Tidak'),
('A131','RD006','PC', 'Tidak'),
('A132','RD006','PC', 'Tidak'),
('A133','RD006','PC', 'Tidak'),
('A134','RD006','PC', 'Tidak'),
('A135','RD006','PC', 'Tidak'),
('A136','RD006','PC', 'Tidak'),
('A137','RD006','PC', 'Tidak'),
('A138','RD006','PC', 'Tidak'),
('A139','RD006','PC', 'Tidak'),
('A140','RD006','Printer', 'Ya'),
('A141','RD006','Printer', 'Ya'),
('A142','RD006','AC','Tidak'),
('A143','RD006','AC','Tidak'),
('A144','RD006','AC','Tidak'),
('A145','RD006','AC','Tidak'),
('A146','RD006','Meja','Ya'),
('A147','RD006','Meja','Ya'),
('A148','RD006','Meja','Ya'),
('A149','RD006','Meja','Ya'),
('A150','RD006','Meja','Ya'),
('A151','RD006','Meja','Ya'),
('A152','RD006','Meja','Ya'),
('A153','RD006','Meja','Ya'),
('A154','RD006','Meja','Ya'),
('A155','RD006','Meja','Ya'),
('A156','RD006','Meja','Ya'),
('A157','RD006','Meja','Ya'),
('A158','RD006','Meja','Ya'),
('A159','RD006','Meja','Ya'),
('A160','RD006','Meja','Ya'),
('A161','RD006','Meja','Ya'),
('A162','RD006','Meja','Ya'),
('A163','RD006','Meja','Ya'),
('A164','RD006','Meja','Ya'),
('A165','RD006','Meja','Ya'),
('A166','RD006','Meja','Ya'),
('A167','RD006','Kursi','Ya'),
('A168','RD006','Kursi','Ya'),
('A169','RD006','Kursi','Ya'),
('A170','RD006','Kursi','Ya'),
('A171','RD006','Kursi','Ya'),
('A172','RD006','Kursi','Ya'),
('A173','RD006','Kursi','Ya'),
('A174','RD006','Kursi','Ya'),
('A175','RD006','Kursi','Ya'),
('A176','RD006','Kursi','Ya'),
('A177','RD006','Kursi','Ya'),
('A178','RD006','Kursi','Ya'),
('A179','RD006','Kursi','Ya'),
('A180','RD006','Kursi','Ya'),
('A181','RD006','Kursi','Ya'),
('A182','RD006','Kursi','Ya'),
('A183','RD006','Kursi','Ya'),
('A184','RD006','Kursi','Ya'),
('A185','RD006','Kursi','Ya'),
('A186','RD006','Kursi','Ya'),
('A187','RD006','Kursi','Ya'),
('A188','RT001','Water Closet', 'Tidak'),
('A189','RT001','Water Closet', 'Tidak'),
('A190','RT001','Water Closet', 'Tidak'),
('A191','RT001','Water Closet', 'Tidak'),
('A192','RT001','Water Closet', 'Tidak'),
('A193','RT001','Water Closet', 'Tidak'),
('A194','RT001','Water Closet', 'Tidak'),
('A195','RT001','Water Closet', 'Tidak'),
('A196','RT001','Keran Air', 'Tidak'),
('A197','RT001','Keran Air', 'Tidak'),
('A198','RT001','Keran Air', 'Tidak'),
('A199','RT001','Keran Air', 'Tidak'),
('A200','RT001','Keran Air', 'Tidak'),
('A201','RT001','Keran Air', 'Tidak'),
('A202','RT001','Keran Air', 'Tidak'),
('A203','RT001','Keran Air', 'Tidak'),
('A204','RT001','Keran Air', 'Tidak'),
('A205','RT001','Keran Air', 'Tidak'),
('A206','RT001','Keran Air', 'Tidak'),
('A207','RT001','Keran Air', 'Tidak'),
('A208','RT001','Ring Holder Tisu', 'Tidak'),
('A209','RT001','Ring Holder Tisu', 'Tidak'),
('A210','RT001','Ring Holder Tisu', 'Tidak'),
('A211','RT001','Ring Holder Tisu', 'Tidak'),
('A212','RT001','Ring Holder Tisu', 'Tidak'),
('A213','RT001','Ring Holder Tisu', 'Tidak'),
('A214','RT001','Ring Holder Tisu', 'Tidak'),
('A215','RT001','Ring Holder Tisu', 'Tidak'),
('A216','RT001','Hand Brush', 'Ya'),
('A217','RT001','Hand Brush', 'Ya'),
('A218','RT001','Gantungan Baju Tempel', 'Tidak'),
('A219','RT001','Gantungan Baju Tempel', 'Tidak'),
('A220','RT001','Gantungan Baju Tempel', 'Tidak'),
('A221','RT001','Gantungan Baju Tempel', 'Tidak'),
('A222','RT001','Gantungan Baju Tempel', 'Tidak'),
('A223','RT001','Gantungan Baju Tempel', 'Tidak'),
('A224','RT001','Gantungan Baju Tempel', 'Tidak'),
('A225','RT001','Gantungan Baju Tempel', 'Tidak'),
('A226','RA003','Speaker', 'Ya'),
('A227','RA003','Speaker', 'Ya'),
('A228','RA003','Microphone', 'Ya'),
('A229','RA003','Microphone', 'Ya'),
('A230','RA003','Proyektor', 'Ya'),
('A231','RA003','Proyektor', 'Ya'),
('A232','RA003','Layar Proyektor', 'Ya'),
('A233','RA003','Layar Proyektor', 'Ya'),
('A234','RA003','Meja','Ya'),
('A235','RA003','Kursi','Ya'),
('A236','RA003','Kursi','Ya'),
('A237','RA003','Kursi','Ya'),
('A238','RA003','Kursi','Ya'),
('A239','RA003','Kursi','Ya'),
('A240','RA003','Kursi','Ya'),
('A241','RA003','Kursi','Ya'),
('A242','RA003','Kursi','Ya'),
('A243','RA003','Kursi','Ya'),
('A244','RA003','Kursi','Ya'),
('A245','RA003','Kursi','Ya'),
('A246','RA003','Kursi','Ya'),
('A247','RA003','Kursi','Ya'),
('A248','RA003','Kursi','Ya'),
('A249','RA003','Kursi','Ya'),
('A250','RA003','Kursi','Ya'),
('A251','RA003','Kursi','Ya'),
('A252','RA003','Kursi','Ya'),
('A253','RA003','Kursi','Ya'),
('A254','RA003','Kursi','Ya'),
('A255','RA003','Kursi','Ya'),
('A256','RL001','Jam Dinding','Ya'),
('A257','RL001','Proyektor','Ya'),
('A258','RL001','Speaker','Ya'),
('A259','RL001','Papan Tulis','Tidak'),
('A260','RL001','Lemari','Tidak'),
('A261','RL001','AC','Tidak'),
('A262','RL001','AC','Tidak'),
('A263','RL001','Meja','Ya'),
('A264','RL001','Meja Panjang','Tidak'),
('A265','RL001','Meja Panjang','Tidak'),
('A266','RL001','Meja Panjang','Tidak'),
('A267','RL001','Meja Panjang','Tidak'),
('A268','RL001','Meja Panjang','Tidak'),
('A269','RL001','Meja Panjang','Tidak'),
('A270','RL001','Meja Panjang','Tidak'),
('A271','RL001','Meja Panjang','Tidak'),
('A272','RL001','Meja Panjang','Tidak'),
('A273','RL001','Meja Panjang','Tidak'),
('A274','RL001','Meja Panjang','Tidak'),
('A275','RL001','Meja Panjang','Tidak'),
('A276','RL001','Meja Panjang','Tidak'),
('A277','RL001','Meja Panjang','Tidak'),
('A278','RL001','Meja Panjang','Tidak'),
('A279','RL001','Meja Panjang','Tidak'),
('A280','RL001','Meja Panjang','Tidak'),
('A281','RL001','Meja Panjang','Tidak'),
('A282','RL001','Meja Panjang','Tidak'),
('A283','RL001','Meja Panjang','Tidak'),
('A284','RL001','Kursi','Ya'),
('A285','RL001','Kursi','Ya'),
('A286','RL001','Kursi','Ya'),
('A287','RL001','Kursi','Ya'),
('A288','RL001','Kursi','Ya'),
('A289','RL001','Kursi','Ya'),
('A290','RL001','Kursi','Ya'),
('A291','RL001','Kursi','Ya'),
('A292','RL001','Kursi','Ya'),
('A293','RL001','Kursi','Ya'),
('A294','RL001','Kursi','Ya'),
('A295','RL001','Kursi','Ya'),
('A296','RL001','Kursi','Ya'),
('A297','RL001','Kursi','Ya'),
('A298','RL001','Kursi','Ya'),
('A299','RL001','Kursi','Ya'),
('A300','RL001','Kursi','Ya'),
('A301','RL001','Kursi','Ya'),
('A302','RL001','Kursi','Ya'),
('A303','RL001','Kursi','Ya'),
('A304','RL001','Kursi','Ya'),
('A305','RL001','Kursi','Ya'),
('A306','RL001','Kursi','Ya'),
('A307','RL001','Kursi','Ya'),
('A308','RL001','Kursi','Ya'),
('A309','RL001','Kursi','Ya'),
('A310','RL001','Kursi','Ya'),
('A311','RL001','Kursi','Ya'),
('A312','RL001','Kursi','Ya'),
('A313','RL001','Kursi','Ya'),
('A314','RL001','Kursi','Ya'),
('A315','RL001','Kursi','Ya'),
('A316','RL001','Kursi','Ya'),
('A317','RL001','Kursi','Ya'),
('A318','RL001','Kursi','Ya'),
('A319','RL001','Kursi','Ya'),
('A320','RL001','Kursi','Ya'),
('A321','RL001','Kursi','Ya'),
('A322','RL001','Kursi','Ya'),
('A323','RL001','Kursi','Ya'),
('A324','RL001','Kursi','Ya'),
('A325','RL001','PC','Tidak'),
('A326','RL001','PC','Tidak'),
('A327','RL001','PC','Tidak'),
('A328','RL001','PC','Tidak'),
('A329','RL001','PC','Tidak'),
('A330','RL001','PC','Tidak'),
('A331','RL001','PC','Tidak'),
('A332','RL001','PC','Tidak'),
('A333','RL001','PC','Tidak'),
('A334','RL001','PC','Tidak'),
('A335','RL001','PC','Tidak'),
('A336','RL001','PC','Tidak'),
('A337','RL001','PC','Tidak'),
('A338','RL001','PC','Tidak'),
('A339','RL001','PC','Tidak'),
('A340','RL001','PC','Tidak'),
('A341','RL001','PC','Tidak'),
('A342','RL001','PC','Tidak'),
('A343','RL001','PC','Tidak'),
('A344','RL001','PC','Tidak'),
('A345','RL001','PC','Tidak'),
('A346','RL001','PC','Tidak'),
('A347','RL001','PC','Tidak'),
('A348','RL001','PC','Tidak'),
('A349','RL001','PC','Tidak'),
('A350','RL001','PC','Tidak'),
('A351','RL001','PC','Tidak'),
('A352','RL001','PC','Tidak'),
('A353','RL001','PC','Tidak'),
('A354','RL001','PC','Tidak'),
('A355','RL001','PC','Tidak'),
('A356','RL001','PC','Tidak'),
('A357','RL001','PC','Tidak'),
('A358','RL001','PC','Tidak'),
('A359','RL001','PC','Tidak'),
('A360','RL001','PC','Tidak'),
('A361','RL001','PC','Tidak'),
('A362','RL001','PC','Tidak'),
('A363','RL001','PC','Tidak'),
('A364','RL001','PC','Tidak'),
('A365','RL001','PC','Tidak');

insert into kelayakan values
('CK001','A001','P001','2019-05-14','2021-06-02','Layak'),
('CK002','A002','P001','2019-08-03','2021-06-02','Layak'),
('CK003','A003','P001','2017-03-20','2021-06-02','Layak'),
('CK004','A004','P001','2021-03-12','2021-06-02','Layak'),
('CK005','A005','P001','2017-11-26','2021-06-02','Layak'),
('CK006','A006','P001','2021-04-12','2021-06-02','Layak'),
('CK007','A007','P001','2021-04-12','2021-06-02','Layak'),
('CK008','A008','P001','2021-04-12','2021-06-02','Layak'),
('CK009','A009','P001','2021-04-12','2021-06-02','Layak'),
('CK010','A010','P001','2018-12-20','2021-06-02','Layak'),
('CK011','A011','P001','2018-12-20','2021-06-02','Layak'),
('CK012','A012','P001','2018-07-23','2021-06-02','Layak'),
('CK013','A013','P001','2018-07-23','2021-06-02','Layak'),
('CK014','A014','P001','2018-07-23','2021-06-02','Layak'),
('CK015','A015','P001','2018-07-23','2021-06-02','Layak'),
('CK016','A016','P001','2018-07-23','2021-06-02','Layak'),
('CK017','A017','P001','2018-07-23','2021-06-02','Layak'),
('CK018','A018','P001','2018-07-23','2021-06-02','Layak'),
('CK019','A019','P001','2018-07-23','2021-06-02','Layak'),
('CK020','A020','P001','2018-07-23','2021-06-02','Layak'),
('CK021','A021','P001','2018-07-23','2021-06-02','Layak'),
('CK022','A022','P001','2018-07-23','2021-06-02','Tidak Layak'),
('CK023','A023','P001','2018-07-23','2021-06-02','Tidak Layak'),
('CK024','A024','P001','2018-07-23','2021-06-02','Tidak Layak'),
('CK025','A025','P001','2018-07-23','2021-06-02','Tidak Layak'),
('CK026','A026','P001','2018-07-23','2021-06-02','Tidak Layak'),
('CK027','A027','P001','2018-07-23','2021-06-02','Tidak Layak'),
('CK028','A028','P001','2018-07-23','2021-06-02','Tidak Layak'),
('CK029','A029','P001','2018-07-23','2021-06-02','Tidak Layak'),
('CK030','A030','P001','2018-07-23','2021-06-02','Tidak Layak'),
('CK031','A031','P001','2018-07-23','2021-06-02','Tidak Layak'),
('CK032','A032','P001','2018-07-23','2021-06-02','Tidak Layak'),
('CK033','A033','P001','2018-07-23','2021-06-02','Tidak Layak'),
('CK034','A034','P001','2018-07-23','2021-06-02','Tidak Layak'),
('CK035','A035','P001','2018-07-23','2021-06-02','Tidak Layak'),
('CK036','A036','P001','2018-07-23','2021-06-02','Layak'),
('CK037','A037','P001','2018-07-23','2021-06-02','Layak'),
('CK038','A038','P001','2018-07-23','2021-06-02','Layak'),
('CK039','A039','P001','2018-07-23','2021-06-02','Layak'),
('CK040','A040','P001','2018-07-23','2021-06-02','Layak'),
('CK041','A041','P001','2018-07-23','2021-06-02','Layak'),
('CK042','A042','P001','2018-07-23','2021-06-02','Layak'),
('CK043','A043','P001','2018-07-23','2021-06-02','Layak'),
('CK044','A044','P001','2018-07-23','2021-06-02','Layak'),
('CK045','A045','P001','2018-07-23','2021-06-02','Layak'),
('CK046','A046','P001','2018-07-23','2021-06-02','Layak'),
('CK047','A047','P001','2018-07-23','2021-06-02','Layak'),
('CK048','A048','P001','2018-07-23','2021-06-02','Layak'),
('CK049','A049','P001','2018-07-23','2021-06-02','Layak'),
('CK050','A050','P001','2018-07-23','2021-06-02','Layak'),
('CK051','A051','P001','2018-07-23','2021-06-02','Layak'),
('CK052','A052','P001','2018-07-23','2021-06-02','Layak'),
('CK053','A053','P001','2018-07-23','2021-06-02','Layak'),
('CK054','A054','P001','2020-02-07','2021-05-07','Layak'),
('CK055','A055','P001','2020-02-07','2021-05-07','Layak'),
('CK056','A056','P001','2016-08-21','2021-05-07','Layak'),
('CK057','A057','P001','2021-03-22','2021-05-07','Layak'),
('CK058','A058','P001','2017-02-11','2021-05-07','Layak'),
('CK059','A059','P001','2021-01-28','2021-05-07','Layak'),
('CK060','A060','P001','2021-01-28','2021-05-07','Layak'),
('CK061','A061','P001','2021-01-28','2021-05-07','Layak'),
('CK062','A062','P001','2021-01-28','2021-05-07','Layak'),
('CK063','A063','P001','2019-03-27','2021-05-07','Layak'),
('CK064','A064','P001','2019-03-27','2021-05-07','Layak'),
('CK065','A065','P001','2017-02-19','2021-05-07','Layak'),
('CK066','A066','P001','2017-02-19','2021-05-07','Layak'),
('CK067','A067','P001','2017-02-19','2021-05-07','Layak'),
('CK068','A068','P001','2017-02-19','2021-05-07','Layak'),
('CK069','A069','P001','2017-02-19','2021-05-07','Layak'),
('CK070','A070','P001','2017-02-19','2021-05-07','Layak'),
('CK071','A071','P001','2017-02-19','2021-05-07','Layak'),
('CK072','A072','P001','2017-02-19','2021-05-07','Layak'),
('CK073','A073','P001','2017-02-19','2021-05-07','Layak'),
('CK074','A074','P001','2017-02-19','2021-05-07','Layak'),
('CK075','A075','P001','2017-02-19','2021-05-07','Layak'),
('CK076','A076','P001','2017-02-19','2021-05-07','Layak'),
('CK077','A077','P001','2017-02-19','2021-05-07','Layak'),
('CK078','A078','P001','2017-02-19','2021-05-07','Layak'),
('CK079','A079','P001','2017-02-19','2021-05-07','Layak'),
('CK080','A080','P001','2017-02-19','2021-05-07','Layak'),
('CK081','A081','P001','2017-02-19','2021-05-07','Layak'),
('CK082','A082','P001','2017-02-19','2021-05-07','Layak'),
('CK083','A083','P001','2017-02-19','2021-05-07','Layak'),
('CK084','A084','P001','2017-02-19','2021-05-07','Layak'),
('CK085','A085','P001','2017-02-19','2021-05-07','Layak'),
('CK086','A086','P001','2017-02-19','2021-05-07','Layak'),
('CK087','A087','P001','2017-02-19','2021-05-07','Layak'),
('CK088','A088','P001','2017-02-19','2021-05-07','Layak'),
('CK089','A089','P001','2017-02-19','2021-05-07','Layak'),
('CK090','A090','P001','2017-02-19','2021-05-07','Tidak Layak'),
('CK091','A091','P001','2017-02-19','2021-05-07','Tidak Layak'),
('CK092','A092','P001','2017-02-19','2021-05-07','Tidak Layak'),
('CK093','A093','P001','2017-02-19','2021-05-07','Tidak Layak'),
('CK094','A094','P001','2017-02-19','2021-05-07','Tidak Layak'),
('CK095','A095','P001','2017-02-19','2021-05-07','Tidak Layak'),
('CK096','A096','P001','2017-02-19','2021-05-07','Tidak Layak'),
('CK097','A097','P001','2017-02-19','2021-05-07','Tidak Layak'),
('CK098','A098','P001','2017-02-19','2021-05-07','Tidak Layak'),
('CK099','A099','P001','2017-02-19','2021-05-07','Tidak Layak'),
('CK100','A100','P001','2017-02-19','2021-05-07','Tidak Layak'),
('CK101','A101','P001','2017-02-19','2021-05-07','Tidak Layak'),
('CK102','A102','P001','2017-02-19','2021-05-07','Tidak Layak'),
('CK103','A103','P001','2017-02-19','2021-05-07','Tidak Layak'),
('CK104','A104','P001','2017-02-19','2021-05-07','Tidak Layak'),
('CK105','A105','P001','2017-02-19','2021-05-07','Layak'),
('CK106','A106','P001','2017-02-19','2021-05-07','Layak'),
('CK107','A107','P001','2017-02-19','2021-05-07','Layak'),
('CK108','A108','P001','2017-02-19','2021-05-07','Layak'),
('CK109','A109','P001','2017-02-19','2021-05-07','Layak'),
('CK110','A110','P001','2017-02-19','2021-05-07','Layak'),
('CK111','A111','P001','2017-02-19','2021-05-07','Layak'),
('CK112','A112','P001','2017-02-19','2021-05-07','Layak'),
('CK113','A113','P001','2017-02-19','2021-05-07','Layak'),
('CK114','A114','P001','2017-02-19','2021-05-07','Layak'),
('CK115','A115','P001','2017-02-19','2021-05-07','Layak'),
('CK116','A116','P001','2017-02-19','2021-05-07','Layak'),
('CK117','A117','P002','2016-09-12','2021-12-01','Layak'),
('CK118','A118','P002','2016-09-12','2021-12-01','Layak'),
('CK119','A119','P002','2019-09-12','2021-12-01','Layak'),
('CK120','A120','P002','2020-02-19','2021-12-01','Layak'),
('CK121','A121','P002','2020-02-19','2021-12-01','Layak'),
('CK122','A122','P002','2020-02-19','2021-12-01','Layak'),
('CK123','A123','P002','2020-02-19','2021-12-01','Layak'),
('CK124','A124','P002','2020-02-19','2021-12-01','Layak'),
('CK125','A125','P002','2020-02-19','2021-12-01','Layak'),
('CK126','A126','P002','2020-02-19','2021-12-01','Layak'),
('CK127','A127','P002','2020-02-19','2021-12-01','Layak'),
('CK128','A128','P002','2020-02-19','2021-12-01','Layak'),
('CK129','A129','P002','2020-02-19','2021-12-01','Layak'),
('CK130','A130','P002','2020-02-19','2021-12-01','Layak'),
('CK131','A131','P002','2020-02-19','2021-12-01','Layak'),
('CK132','A132','P002','2020-02-19','2021-12-01','Layak'),
('CK133','A133','P002','2020-02-19','2021-12-01','Layak'),
('CK134','A134','P002','2020-02-19','2021-12-01','Layak'),
('CK135','A135','P002','2020-02-19','2021-12-01','Layak'),
('CK136','A136','P002','2020-02-19','2021-12-01','Layak'),
('CK137','A137','P002','2020-02-19','2021-12-01','Layak'),
('CK138','A138','P002','2020-02-19','2021-12-01','Layak'),
('CK139','A139','P002','2020-02-19','2021-12-01','Layak'),
('CK140','A140','P002','2019-04-20','2021-12-01','Layak'),
('CK141','A141','P002','2019-04-20','2021-12-01','Layak'),
('CK142','A142','P002','2017-12-14','2021-12-01','Layak'),
('CK143','A143','P002','2017-12-14','2021-12-01','Layak'),
('CK144','A144','P002','2017-12-14','2021-12-01','Layak'),
('CK145','A145','P002','2017-12-14','2021-12-01','Layak'),
('CK146','A146','P002','2019-01-29','2021-12-01','Layak'),
('CK147','A147','P002','2019-01-29','2021-12-01','Layak'),
('CK148','A148','P002','2019-01-29','2021-12-01','Layak'),
('CK149','A149','P002','2019-01-29','2021-12-01','Layak'),
('CK150','A150','P002','2019-01-29','2021-12-01','Layak'),
('CK151','A151','P002','2019-01-29','2021-12-01','Layak'),
('CK152','A152','P002','2019-01-29','2021-12-01','Layak'),
('CK153','A153','P002','2019-01-29','2021-12-01','Layak'),
('CK154','A154','P002','2019-01-29','2021-12-01','Layak'),
('CK155','A155','P002','2019-01-29','2021-12-01','Layak'),
('CK156','A156','P002','2019-01-29','2021-12-01','Layak'),
('CK157','A157','P002','2019-01-29','2021-12-01','Layak'),
('CK158','A158','P002','2019-01-29','2021-12-01','Layak'),
('CK159','A159','P002','2019-01-29','2021-12-01','Layak'),
('CK160','A160','P002','2019-01-29','2021-12-01','Layak'),
('CK161','A161','P002','2019-01-29','2021-12-01','Layak'),
('CK162','A162','P002','2019-01-29','2021-12-01','Layak'),
('CK163','A163','P002','2019-01-29','2021-12-01','Layak'),
('CK164','A164','P002','2019-01-29','2021-12-01','Layak'),
('CK165','A165','P002','2019-01-29','2021-12-01','Layak'),
('CK166','A166','P002','2019-01-29','2021-12-01','Layak'),
('CK167','A167','P002','2019-01-29','2021-12-01','Layak'),
('CK168','A168','P002','2019-01-29','2021-12-01','Layak'),
('CK169','A169','P002','2019-01-29','2021-12-01','Layak'),
('CK170','A170','P002','2019-01-29','2021-12-01','Layak'),
('CK171','A171','P002','2019-01-29','2021-12-01','Layak'),
('CK172','A172','P002','2019-01-29','2021-12-01','Layak'),
('CK173','A173','P002','2019-01-29','2021-12-01','Layak'),
('CK174','A174','P002','2019-01-29','2021-12-01','Layak'),
('CK175','A175','P002','2019-01-29','2021-12-01','Layak'),
('CK176','A176','P002','2019-01-29','2021-12-01','Layak'),
('CK177','A177','P002','2019-01-29','2021-12-01','Layak'),
('CK178','A178','P002','2019-01-29','2021-12-01','Layak'),
('CK179','A179','P002','2019-01-29','2021-12-01','Layak'),
('CK180','A180','P002','2019-01-29','2021-12-01','Layak'),
('CK181','A181','P002','2019-01-29','2021-12-01','Layak'),
('CK182','A182','P002','2019-01-29','2021-12-01','Layak'),
('CK183','A183','P002','2019-01-29','2021-12-01','Layak'),
('CK184','A184','P002','2019-01-29','2021-12-01','Layak'),
('CK185','A185','P003','2019-01-29','2021-03-02','Tidak Layak'),
('CK186','A186','P003','2019-01-29','2021-03-02','Tidak Layak'),
('CK187','A187','P003','2019-01-29','2021-03-02','Tidak Layak'),
('CK188','A188','P003','2015-05-12','2021-03-02','Tidak Layak'),
('CK189','A189','P003','2015-05-12','2021-03-02','Tidak Layak'),
('CK190','A190','P003','2015-05-12','2021-03-02','Tidak Layak'),
('CK191','A191','P003','2015-05-12','2021-03-02','Tidak Layak'),
('CK192','A192','P003','2015-05-12','2021-03-02','Tidak Layak'),
('CK193','A193','P003','2015-05-12','2021-03-02','Tidak Layak'),
('CK194','A194','P003','2015-05-12','2021-03-02','Tidak Layak'),
('CK195','A195','P003','2015-05-12','2021-03-02','Tidak Layak'),
('CK196','A196','P003','2015-12-04','2021-03-02','Tidak Layak'),
('CK197','A197','P003','2015-12-04','2021-03-02','Tidak Layak'),
('CK198','A198','P003','2015-12-04','2021-03-02','Tidak Layak'),
('CK199','A199','P003','2015-12-04','2021-03-02','Tidak Layak'),
('CK200','A200','P003','2015-12-04','2021-03-02','Tidak Layak'),
('CK201','A201','P003','2015-12-04','2021-03-02','Tidak Layak'),
('CK202','A202','P003','2015-12-04','2021-03-02','Tidak Layak'),
('CK203','A203','P003','2015-12-04','2021-03-02','Tidak Layak'),
('CK204','A204','P003','2015-12-04','2021-03-02','Tidak Layak'),
('CK205','A205','P003','2015-12-04','2021-03-02','Tidak Layak'),
('CK206','A206','P003','2015-12-04','2021-03-02','Layak'),
('CK207','A207','P003','2015-12-04','2021-03-02','Layak'),
('CK208','A208','P003','2019-11-24','2021-03-02','Layak'),
('CK209','A209','P003','2019-11-24','2021-03-02','Layak'),
('CK210','A210','P003','2019-11-24','2021-03-02','Layak'),
('CK211','A211','P003','2019-11-24','2021-03-02','Layak'),
('CK212','A212','P003','2019-11-24','2021-03-02','Layak'),
('CK213','A213','P003','2019-11-24','2021-03-02','Layak'),
('CK214','A214','P003','2019-11-24','2021-03-02','Layak'),
('CK215','A215','P003','2019-11-24','2021-03-02','Layak'),
('CK216','A216','P003','2021-03-11','2021-03-02','Layak'),
('CK217','A217','P003','2021-03-11','2021-03-02','Layak'),
('CK218','A218','P003','2020-10-28','2021-03-02','Layak'),
('CK219','A219','P003','2020-10-28','2021-03-02','Layak'),
('CK220','A220','P003','2020-10-28','2021-03-02','Layak'),
('CK221','A221','P003','2020-10-28','2021-03-02','Layak'),
('CK222','A222','P003','2020-10-28','2021-03-02','Layak'),
('CK223','A223','P003','2020-10-28','2021-03-02','Layak'),
('CK224','A224','P003','2020-10-28','2021-03-02','Layak'),
('CK225','A225','P003','2020-10-28','2021-03-02','Layak'),
('CK226','A226','P004','2019-07-09','2021-05-07','Layak'),
('CK227','A227','P004','2019-07-09','2021-05-07','Layak'),
('CK228','A228','P004','2019-01-26','2021-05-07','Layak'),
('CK229','A229','P004','2019-01-26','2021-05-07','Layak'),
('CK230','A230','P004','2019-01-26','2021-05-07','Tidak Layak'),
('CK231','A231','P004','2019-01-26','2021-05-07','Tidak Layak'),
('CK232','A232','P004','2019-01-26','2021-05-07','Tidak Layak'),
('CK233','A233','P004','2019-01-26','2021-05-07','Tidak Layak'),
('CK234','A234','P004','2018-08-04','2021-05-07','Tidak Layak'),
('CK235','A235','P004','2018-08-04','2021-05-07','Tidak Layak'),
('CK236','A236','P004','2018-08-04','2021-05-07','Tidak Layak'),
('CK237','A237','P004','2018-08-04','2021-05-07','Tidak Layak'),
('CK238','A238','P004','2018-08-04','2021-05-07','Tidak Layak'),
('CK239','A239','P004','2018-08-04','2021-05-07','Tidak Layak'),
('CK240','A240','P004','2018-08-04','2021-05-07','Tidak Layak'),
('CK241','A241','P004','2018-08-04','2021-05-07','Tidak Layak'),
('CK242','A242','P004','2018-08-04','2021-05-07','Tidak Layak'),
('CK243','A243','P004','2018-08-04','2021-05-07','Layak'),
('CK244','A244','P004','2018-08-04','2021-05-07','Layak'),
('CK245','A245','P004','2018-08-04','2021-05-07','Layak'),
('CK246','A246','P004','2018-08-04','2021-05-07','Layak'),
('CK247','A247','P004','2018-08-04','2021-05-07','Layak'),
('CK248','A248','P004','2018-08-04','2021-05-07','Layak'),
('CK249','A249','P004','2018-08-04','2021-05-07','Layak'),
('CK250','A250','P004','2018-08-04','2021-05-07','Layak'),
('CK251','A251','P004','2018-08-04','2021-05-07','Layak'),
('CK252','A252','P004','2018-08-04','2021-05-07','Layak'),
('CK253','A253','P004','2018-08-04','2021-05-07','Layak'),
('CK254','A254','P004','2018-08-04','2021-05-07','Layak'),
('CK255','A255','P004','2018-08-04','2021-05-07','Layak'),
('CK256','A256','P005','2016-03-19','2021-05-07','Layak'),
('CK257','A257','P005','2016-03-19','2021-05-07','Layak'),
('CK258','A258','P005','2016-03-19','2021-05-07','Layak'),
('CK259','A259','P005','2016-03-19','2021-05-07','Layak'),
('CK260','A260','P005','2016-03-19','2021-05-07','Layak'),
('CK261','A261','P005','2016-03-19','2021-05-07','Tidak Layak'),
('CK262','A262','P005','2016-03-19','2021-05-07','Tidak Layak'),
('CK263','A263','P005','2016-03-19','2021-05-07','Layak'),
('CK264','A264','P005','2016-03-19','2021-05-07','Layak'),
('CK265','A265','P005','2016-03-19','2021-05-07','Layak'),
('CK266','A266','P005','2016-03-19','2021-05-07','Layak'),
('CK267','A267','P005','2016-03-19','2021-05-07','Layak'),
('CK268','A268','P005','2016-03-19','2021-05-07','Layak'),
('CK269','A269','P005','2016-03-19','2021-05-07','Layak'),
('CK270','A270','P005','2016-03-19','2021-05-07','Layak'),
('CK271','A271','P005','2016-01-11','2021-03-02','Layak'),
('CK272','A272','P005','2016-01-11','2021-03-02','Layak'),
('CK273','A273','P005','2016-01-11','2021-03-02','Layak'),
('CK274','A274','P005','2016-01-11','2021-03-02','Layak'),
('CK275','A275','P005','2016-01-11','2021-03-02','Layak'),
('CK276','A276','P005','2016-01-11','2021-03-02','Layak'),
('CK277','A277','P005','2016-01-11','2021-03-02','Layak'),
('CK278','A278','P005','2016-01-11','2021-03-02','Layak'),
('CK279','A279','P005','2016-01-11','2021-03-02','Layak'),
('CK280','A280','P005','2016-01-11','2021-03-02','Layak'),
('CK281','A281','P005','2017-06-07','2021-12-01','Layak'),
('CK282','A282','P005','2017-06-07','2021-12-01','Layak'),
('CK283','A283','P005','2017-06-07','2021-12-01','Layak'),
('CK284','A284','P005','2017-06-07','2021-12-01','Layak'),
('CK285','A285','P005','2017-06-07','2021-03-02','Tidak Layak'),
('CK286','A286','P005','2017-06-07','2021-03-02','Tidak Layak'),
('CK287','A287','P005','2017-06-07','2021-03-02','Tidak Layak'),
('CK288','A288','P005','2016-01-11','2021-03-02','Tidak Layak'),
('CK289','A289','P005','2016-01-11','2021-03-02','Tidak Layak'),
('CK290','A290','P005','2016-01-11','2021-03-02','Tidak Layak'),
('CK291','A291','P005','2016-03-19','2021-05-07','Tidak Layak'),
('CK292','A292','P005','2016-03-19','2021-05-07','Tidak Layak'),
('CK293','A293','P005','2016-03-19','2021-05-07','Layak'),
('CK294','A294','P005','2016-03-19','2021-05-07','Layak'),
('CK295','A295','P005','2016-03-19','2021-05-07','Layak'),
('CK296','A296','P005','2016-03-19','2021-05-07','Layak'),
('CK297','A297','P005','2016-03-19','2021-05-07','Layak'),
('CK298','A298','P005','2016-03-19','2021-05-07','Layak'),
('CK299','A299','P005','2016-03-19','2021-05-07','Layak'),
('CK300','A300','P005','2016-03-19','2021-05-07','Layak'),
('CK301','A301','P005','2016-01-11','2021-03-02','Layak'),
('CK302','A302','P005','2016-01-11','2021-03-02','Layak'),
('CK303','A303','P005','2016-01-11','2021-03-02','Layak'),
('CK304','A304','P005','2016-01-11','2021-03-02','Layak'),
('CK305','A305','P005','2016-01-11','2021-03-02','Layak'),
('CK306','A306','P005','2016-01-11','2021-03-02','Layak'),
('CK307','A307','P005','2016-01-11','2021-03-02','Layak'),
('CK308','A308','P005','2016-01-11','2021-03-02','Layak'),
('CK309','A309','P005','2016-01-11','2021-03-02','Layak'),
('CK310','A310','P005','2016-01-11','2021-03-02','Layak'),
('CK311','A311','P005','2016-01-11','2021-03-02','Layak'),
('CK312','A312','P005','2016-01-11','2021-03-02','Layak'),
('CK313','A313','P005','2016-01-11','2021-03-02','Layak'),
('CK314','A314','P005','2016-01-11','2021-03-02','Layak'),
('CK315','A315','P005','2016-01-11','2021-03-02','Layak'),
('CK316','A316','P005','2016-01-11','2021-03-02','Layak'),
('CK317','A317','P005','2016-01-11','2021-03-02','Layak'),
('CK318','A318','P005','2016-01-11','2021-03-02','Layak'),
('CK319','A319','P005','2016-01-11','2021-03-02','Layak'),
('CK320','A320','P005','2016-01-11','2021-03-02','Layak'),
('CK321','A321','P005','2016-01-11','2021-03-02','Layak'),
('CK322','A322','P005','2016-01-11','2021-03-02','Layak'),
('CK323','A323','P005','2016-01-11','2021-03-02','Layak'),
('CK324','A324','P005','2016-01-11','2021-03-02','Layak'),
('CK325','A325','P005','2016-01-11','2021-03-02','Layak'),
('CK326','A326','P005','2016-01-11','2021-03-02','Layak'),
('CK327','A327','P005','2016-01-11','2021-03-02','Layak'),
('CK328','A328','P005','2016-01-11','2021-03-02','Layak'),
('CK329','A329','P005','2016-01-11','2021-03-02','Layak'),
('CK330','A330','P005','2016-01-11','2021-03-02','Layak'),
('CK331','A331','P005','2016-01-11','2021-03-02','Layak'),
('CK332','A332','P005','2016-01-11','2021-03-02','Layak'),
('CK333','A333','P005','2016-01-11','2021-03-02','Layak'),
('CK334','A334','P005','2016-01-11','2021-03-02','Layak'),
('CK335','A335','P005','2016-01-11','2021-03-02','Layak'),
('CK336','A336','P005','2016-01-11','2021-03-02','Layak'),
('CK337','A337','P005','2016-01-11','2021-03-02','Layak'),
('CK338','A338','P005','2016-01-11','2021-03-02','Layak'),
('CK339','A339','P005','2016-01-11','2021-03-02','Layak'),
('CK340','A340','P005','2016-01-11','2021-03-02','Layak'),
('CK341','A341','P005','2016-01-11','2021-03-02','Layak'),
('CK342','A342','P005','2016-01-11','2021-03-02','Layak'),
('CK343','A343','P005','2016-01-11','2021-03-02','Layak'),
('CK344','A344','P005','2016-01-11','2021-03-02','Layak'),
('CK345','A345','P005','2016-01-11','2021-03-02','Layak'),
('CK346','A346','P005','2016-01-11','2021-03-02','Layak'),
('CK347','A347','P005','2016-01-11','2021-03-02','Layak'),
('CK348','A348','P005','2016-01-11','2021-03-02','Layak'),
('CK349','A349','P005','2016-01-11','2021-03-02','Layak'),
('CK350','A350','P005','2016-01-11','2021-03-02','Layak'),
('CK351','A351','P005','2016-01-11','2021-03-02','Layak'),
('CK352','A352','P005','2016-01-11','2021-03-02','Layak'),
('CK353','A353','P005','2016-01-11','2021-03-02','Layak'),
('CK354','A354','P005','2016-01-11','2021-03-02','Tidak Layak'),
('CK355','A355','P005','2015-04-14','2021-03-02','Tidak Layak'),
('CK356','A356','P005','2015-04-14','2021-03-02','Tidak Layak'),
('CK357','A357','P005','2015-04-14','2021-03-02','Tidak Layak'),
('CK358','A358','P005','2015-04-14','2021-03-02','Tidak Layak'),
('CK359','A359','P005','2015-04-14','2021-03-02','Tidak Layak'),
('CK360','A360','P005','2015-04-14','2021-03-02','Tidak Layak'),
('CK361','A361','P005','2016-01-11','2021-03-02','Layak'),
('CK362','A362','P005','2016-01-11','2021-03-02','Layak'),
('CK363','A363','P005','2016-01-11','2021-03-02','Layak'),
('CK364','A364','P005','2016-01-11','2021-03-02','Tidak Layak'),
('CK365','A365','P005','2015-04-14','2021-03-02','Tidak Layak');

insert into peminjaman values
('PA001','2000952','A001','2021-06-07','2021-06-08',''),
('PA002','1931234','A228','2021-06-10','2021-06-10',''),
('PA004','1924512','A232','2021-06-08','2021-06-09',''),
('PA005','1841245','A226','2021-06-07','2021-06-10',''),
('PA006','2086956','A230','2021-06-06','2021-06-06','');