create database db_sarpras;
use db_sarpras;

create table gedung(
    id_gedung varchar(4) not null primary key,
    nama_gedung varchar(100) not null
);

insert into gedung values
('G001','FPMIPA A'),
('G002','FPMIPA B'),
('G003','FPMIPA C');

create table petugas(
    id_petugas varchar(4) not null primary key,
    nama_petugas varchar(100) not null
);

insert into petugas values
('P001','Bagas Gunadi'),
('P002','Yokky Ramadhan'),
('P003','Afif Hanafiah'),
('P004','Majid Maulana'),
('P005','Fakhri Oktovian');


create table departemen(
    id_departemen varchar(4) not null primary key,
    nama_departemen varchar(100)
);

insert into departemen values
('D001','Departemen Pendidikan Ilmu Komputer'),
('D002','Departemen Pendidikan Matematika'),
('D003','Departemen Pendidikan Kimia'),
('D004','Departemen Pendidikan Fisika'),
('D005','Departemen Pendidikan Biologi'),
('D006','Departemen International Program on Science Education');

create table peminjam(
    id_peminjam varchar(8) not null primary key,
    nama_peminjam varchar(100) not null,
    id_departemen varchar(4) not null,
    foreign key(id_departemen) references departemen(id_departemen)
);

insert into peminjam values
('2000952','Ghifari Octaverin','D001'),
('1931234','Rylandi Saputra','D004'),
('1924512','Zidane Maulana','D002'),
('1841245','Raffi Hidayah','D005'),
('2086956','Ahmad Ramadhan','D003');

create table ruangan(
    id_ruang varchar(5) not null primary key,
    id_gedung varchar(4) not null,
    foreign key(id_gedung) references gedung(id_gedung),
    id_departemen varchar(4),
    foreign key(id_departemen) references departemen(id_departemen),
    jns_ruang varchar(50) not null,
    luas varchar(30) not null,
    kapasitas(orang) int not null
);

insert into ruangan values
('RK001','G003','D001','Ruang Kelas','9m x 8m','40'),
('RK002','G003','D001','Ruang Kelas','12m x 10m','45'),
('RD001','G003','D001','Ruang Dosen','10m x 10m','20'),
('RA001','G001','','Ruang Umum','45m x 30m','200'),
('RT001','G003','','Ruang Umum','8m x 6m','8');

create table jadwal_ruang(
    id_jadwal varchar(5) not null primary key,
    id_ruang varchar(5) not null,
    foreign key(id_ruang) references ruangan(id_ruang),
    tgl_pakai date not null,
    jam_mulai time not null,
    jam_selesai time not null,
    pemakai varchar(10) not null,
    keterangan varchar(100)
);

insert into jadwal_ruang values
('JR001','RK001','06-08-2021','07:00:00','09:30:00','C1 20','Kuliah IK200'),
('JR002','RK001','07-08-2021','13:00:00','15:30:00','C2 19','');

create table peralatan(
    id_aset varchar(5) not null primary key,
    id_ruang varchar(5) not null,
    foreign key(id_ruang) references ruangan(id_ruang),
    nama_aset varchar(50) not null,
    portabilitas varchar(5) not null
);

insert into peralatan values
-- //kelas
-- //kelas11
('A001','RK011','Speaker','Ya'),
('A002','RK011','Proyektor','Ya'),
('A003','RK011','Papan Tulis','Tidak'),
('A004','RK011','Penghapus Papan Tulis','Ya'),
('A005','RK011','Lemari','Tidak'),
('A006','RK011','Floor Broom','Ya'),
('A007','RK011','Dust Pan','Ya'),
('A008','RK011','Stick Mop','Ya'),
('A009','RK011','Kemoceng','Ya'),
('A010','RK011','AC','Tidak'),
('A011','RK011','AC','Tidak'),
('A012','RK011','Meja','Ya'),
('A013','RK011','Kursi','Ya'),
('A014','RK011','Kursi','Ya'),
('A015','RK011','Kursi','Ya'),
('A016','RK011','Kursi','Ya'),
('A017','RK011','Kursi','Ya'),
('A018','RK011','Kursi','Ya'),
('A019','RK011','Kursi','Ya'),
('A020','RK011','Kursi','Ya'),
('A021','RK011','Kursi','Ya'),
('A022','RK011','Kursi','Ya'),
('A023','RK011','Kursi','Ya'),
('A024','RK011','Kursi','Ya'),
('A025','RK011','Kursi','Ya'),
('A026','RK011','Kursi','Ya'),
('A027','RK011','Kursi','Ya'),
('A028','RK011','Kursi','Ya'),
('A029','RK011','Kursi','Ya'),
('A030','RK011','Kursi','Ya'),
('A031','RK011','Kursi','Ya'),
('A032','RK011','Kursi','Ya'),
('A033','RK011','Kursi','Ya'),
('A034','RK011','Kursi','Ya'),
('A035','RK011','Kursi','Ya'),
('A036','RK011','Kursi','Ya'),
('A037','RK011','Kursi','Ya'),
('A038','RK011','Kursi','Ya'),
('A039','RK011','Kursi','Ya'),
('A040','RK011','Kursi','Ya'),
('A041','RK011','Kursi','Ya'),
('A042','RK011','Kursi','Ya'),
('A043','RK011','Kursi','Ya'),
('A044','RK011','Kursi','Ya'),
('A045','RK011','Kursi','Ya'),
('A046','RK011','Kursi','Ya'),
('A047','RK011','Kursi','Ya'),
('A048','RK011','Kursi','Ya'),
('A049','RK011','Kursi','Ya'),
('A050','RK011','Kursi','Ya'),
('A051','RK011','Kursi','Ya'),
('A052','RK011','Kursi','Ya'),
('A053','RK011','Kursi','Ya'),
-- //kelas12
('A054','RK012','Speaker','Ya'),
('A055','RK012','Proyektor','Ya'),
('A056','RK012','Papan Tulis','Tidak'),
('A057','RK012','Penghapus Papan Tulis','Ya'),
('A058','RK012','Lemari','Tidak'),
('A059','RK012','Floor Broom','Ya'),
('A060','RK012','Dust Pan','Ya'),
('A061','RK012','Stick Mop','Ya'),
('A062','RK012','Kemoceng','Ya'),
('A063','RK012','AC','Tidak'),
('A064','RK012','AC','Tidak'),
('A065','RK012','Meja','Ya'),
('A066','RK012','Kursi','Ya'),
('A067','RK012','Kursi','Ya'),
('A068','RK012','Kursi','Ya'),
('A069','RK012','Kursi','Ya'),
('A070','RK012','Kursi','Ya'),
('A071','RK012','Kursi','Ya'),
('A072','RK012','Kursi','Ya'),
('A073','RK012','Kursi','Ya'),
('A074','RK012','Kursi','Ya'),
('A075','RK012','Kursi','Ya'),
('A076','RK012','Kursi','Ya'),
('A077','RK012','Kursi','Ya'),
('A078','RK012','Kursi','Ya'),
('A079','RK012','Kursi','Ya'),
('A080','RK012','Kursi','Ya'),
('A081','RK012','Kursi','Ya'),
('A082','RK012','Kursi','Ya'),
('A083','RK012','Kursi','Ya'),
('A084','RK012','Kursi','Ya'),
('A085','RK012','Kursi','Ya'),
('A086','RK012','Kursi','Ya'),
('A087','RK012','Kursi','Ya'),
('A088','RK012','Kursi','Ya'),
('A089','RK012','Kursi','Ya'),
('A090','RK012','Kursi','Ya'),
('A091','RK012','Kursi','Ya'),
('A092','RK012','Kursi','Ya'),
('A093','RK012','Kursi','Ya'),
('A094','RK012','Kursi','Ya'),
('A095','RK012','Kursi','Ya'),
('A096','RK012','Kursi','Ya'),
('A097','RK012','Kursi','Ya'),
('A098','RK012','Kursi','Ya'),
('A099','RK012','Kursi','Ya'),
('A100','RK012','Kursi','Ya'),
('A101','RK012','Kursi','Ya'),
('A102','RK012','Kursi','Ya'),
('A103','RK012','Kursi','Ya'),
('A104','RK012','Kursi','Ya'),
('A105','RK012','Kursi','Ya'),
('A091','RK012','Kursi','Ya'),
('A092','RK012','Kursi','Ya'),
('A093','RK012','Kursi','Ya'),
('A094','RK012','Kursi','Ya'),
('A095','RK012','Kursi','Ya'),
('A096','RK012','Kursi','Ya'),
('A097','RK012','Kursi','Ya'),
('A098','RK012','Kursi','Ya'),
('A099','RK012','Kursi','Ya'),
('A100','RK012','Kursi','Ya'),
('A101','RK012','Kursi','Ya'),
('A102','RK012','Kursi','Ya'),
('A103','RK012','Kursi','Ya'),
('A104','RK012','Kursi','Ya'),
('A105','RK012','Kursi','Ya'),
('A106','RK012','Kursi','Ya'),
('A107','RK012','Kursi','Ya'),
('A108','RK012','Kursi','Ya'),
('A109','RK012','Kursi','Ya'),
('A110','RK012','Kursi','Ya'),
('A111','RK012','Kursi','Ya'),
('A112','RK012','Kursi','Ya'),
('A113','RK012','Kursi','Ya'),
('A114','RK012','Kursi','Ya'),
('A115','RK012','Kursi','Ya'),
('A116','RK012','Kursi','Ya'),
-- //dosen
-- //dosen6
('A117','RD006','Lemari','Tidak'),
('A118','RD006','Lemari','Tidak'),
('A119','RD006','Lemari','Tidak'),
('A120','RD006','PC', 'Tidak'),
('A121','RD006','PC', 'Tidak'),
('A122','RD006','PC', 'Tidak'),
('A123','RD006','PC', 'Tidak'),
('A124','RD006','PC', 'Tidak'),
('A125','RD006','PC', 'Tidak'),
('A126','RD006','PC', 'Tidak'),
('A127','RD006','PC', 'Tidak'),
('A128','RD006','PC', 'Tidak'),
('A129','RD006','PC', 'Tidak'),
('A130','RD006','PC', 'Tidak'),
('A131','RD006','PC', 'Tidak'),
('A132','RD006','PC', 'Tidak'),
('A133','RD006','PC', 'Tidak'),
('A134','RD006','PC', 'Tidak'),
('A135','RD006','PC', 'Tidak'),
('A136','RD006','PC', 'Tidak'),
('A137','RD006','PC', 'Tidak'),
('A138','RD006','PC', 'Tidak'),
('A139','RD006','PC', 'Tidak'),
('A140','RD006','Printer', 'Ya'),
('A141','RD006','Printer', 'Ya'),
('A142','RD006','AC','Tidak'),
('A143','RD006','AC','Tidak'),
('A144','RD006','AC','Tidak'),
('A145','RD006','AC','Tidak'),
('A146','RD006','Meja','Ya'),
('A147','RD006','Meja','Ya'),
('A148','RD006','Meja','Ya'),
('A149','RD006','Meja','Ya'),
('A150','RD006','Meja','Ya'),
('A151','RD006','Meja','Ya'),
('A152','RD006','Meja','Ya'),
('A153','RD006','Meja','Ya'),
('A154','RD006','Meja','Ya'),
('A155','RD006','Meja','Ya'),
('A156','RD006','Meja','Ya'),
('A157','RD006','Meja','Ya'),
('A158','RD006','Meja','Ya'),
('A159','RD006','Meja','Ya'),
('A160','RD006','Meja','Ya'),
('A161','RD006','Meja','Ya'),
('A162','RD006','Meja','Ya'),
('A163','RD006','Meja','Ya'),
('A164','RD006','Meja','Ya'),
('A165','RD006','Meja','Ya'),
('A166','RD006','Meja','Ya'),
('A167','RD006','Kursi','Ya'),
('A168','RD006','Kursi','Ya'),
('A169','RD006','Kursi','Ya'),
('A170','RD006','Kursi','Ya'),
('A171','RD006','Kursi','Ya'),
('A172','RD006','Kursi','Ya'),
('A173','RD006','Kursi','Ya'),
('A174','RD006','Kursi','Ya'),
('A175','RD006','Kursi','Ya'),
('A176','RD006','Kursi','Ya'),
('A177','RD006','Kursi','Ya'),
('A178','RD006','Kursi','Ya'),
('A179','RD006','Kursi','Ya'),
('A180','RD006','Kursi','Ya'),
('A181','RD006','Kursi','Ya'),
('A182','RD006','Kursi','Ya'),
('A183','RD006','Kursi','Ya'),
('A184','RD006','Kursi','Ya'),
('A185','RD006','Kursi','Ya'),
('A186','RD006','Kursi','Ya'),
('A187','RD006','Kursi','Ya'),
-- //Umum
-- //toilet
-- //toilet1
('A188','RT001','Water Closet', 'Tidak'),
('A189','RT001','Water Closet', 'Tidak'),
('A190','RT001','Water Closet', 'Tidak'),
('A191','RT001','Water Closet', 'Tidak'),
('A192','RT001','Water Closet', 'Tidak'),
('A193','RT001','Water Closet', 'Tidak'),
('A194','RT001','Water Closet', 'Tidak'),
('A195','RT001','Water Closet', 'Tidak'),
('A196','RT001','Keran Air', 'Tidak'),
('A197','RT001','Keran Air', 'Tidak'),
('A198','RT001','Keran Air', 'Tidak'),
('A199','RT001','Keran Air', 'Tidak'),
('A200','RT001','Keran Air', 'Tidak'),
('A201','RT001','Keran Air', 'Tidak'),
('A202','RT001','Keran Air', 'Tidak'),
('A203','RT001','Keran Air', 'Tidak'),
('A204','RT001','Keran Air', 'Tidak'),
('A205','RT001','Keran Air', 'Tidak'),
('A206','RT001','Keran Air', 'Tidak'),
('A207','RT001','Keran Air', 'Tidak'),
('A208','RT001','Ring Holder Tisu', 'Tidak'),
('A209','RT001','Ring Holder Tisu', 'Tidak'),
('A210','RT001','Ring Holder Tisu', 'Tidak'),
('A211','RT001','Ring Holder Tisu', 'Tidak'),
('A212','RT001','Ring Holder Tisu', 'Tidak'),
('A213','RT001','Ring Holder Tisu', 'Tidak'),
('A214','RT001','Ring Holder Tisu', 'Tidak'),
('A215','RT001','Ring Holder Tisu', 'Tidak'),
('A216','RT001','Hand Brush', 'Ya'),
('A217','RT001','Hand Brush', 'Ya'),
('A218','RT001','Gantungan Baju Tempel', 'Tidak'),
('A219','RT001','Gantungan Baju Tempel', 'Tidak'),
('A220','RT001','Gantungan Baju Tempel', 'Tidak'),
('A221','RT001','Gantungan Baju Tempel', 'Tidak'),
('A222','RT001','Gantungan Baju Tempel', 'Tidak'),
('A223','RT001','Gantungan Baju Tempel', 'Tidak'),
('A224','RT001','Gantungan Baju Tempel', 'Tidak'),
('A225','RT001','Gantungan Baju Tempel', 'Tidak'),
-- //aula
-- //AULA3
('A226','RA003','Speaker', 'Ya'),
('A227','RA003','Speaker', 'Ya'),
('A228','RA003','Microphone', 'Ya'),
('A229','RA003','Microphone', 'Ya'),
('A230','RA003','Proyektor', 'Ya'),
('A231','RA003','Proyektor', 'Ya'),
('A232','RA003','Layar Proyektor', 'Ya'),
('A233','RA003','Layar Proyektor', 'Ya'),
('A234','RA003','Meja','Ya'),
('A235','RA003','Kursi','Ya'),
('A236','RA003','Kursi','Ya'),
('A237','RA003','Kursi','Ya'),
('A238','RA003','Kursi','Ya'),
('A239','RA003','Kursi','Ya'),
('A240','RA003','Kursi','Ya'),
('A241','RA003','Kursi','Ya'),
('A242','RA003','Kursi','Ya'),
('A243','RA003','Kursi','Ya'),
('A244','RA003','Kursi','Ya'),
('A245','RA003','Kursi','Ya'),
('A246','RA003','Kursi','Ya'),
('A247','RA003','Kursi','Ya'),
('A248','RA003','Kursi','Ya'),
('A249','RA003','Kursi','Ya'),
('A250','RA003','Kursi','Ya'),
('A251','RA003','Kursi','Ya'),
('A252','RA003','Kursi','Ya'),
('A253','RA003','Kursi','Ya'),
('A254','RA003','Kursi','Ya'),
('A255','RA003','Kursi','Ya');


create table kelayakan(
    id_check varchar(5) not null primary key,
    id_aset varchar(5) not null,
    foreign key(id_aset) references peralatan(id_aset),
    id_petugas varchar(4) not null,
    foreign key(id_petugas) references petugas(id_petugas),
    usia varchar(10) not null,
    tgl_check_terakhir date not null,
    status_aset varchar(10) not null
);

insert into kelayakan values
('CK001','A001','P002','05-07-2021','Layak'),
('CK002','A002','P005','06-02-2021','Layak');

create table peminjaman(
    id_peminjaman varchar(5) not null primary key,
    id_peminjam varchar(8) not null,
    foreign key(id_peminjam) references peminjam(id_peminjam),
    id_aset varchar(5) not null,
    foreign key(id_aset) references peralatan(id_aset),
    tgl_keluar date not null,
    tgl_kembali date not null,
    keterangan varchar(100)
);

insert into peminjaman values
('PA001','1924512','A001','06-07-2021','06-08-2021','');